no,part_no,Sparepart,Stok,Jumlah,Harga,Kategori,Klasifikasi
1.0,99000-990C5-A01,A/C FILTER ANTIALLERGEN EFFECT,Banyak,Tinggi,Murah,Fast,laris
2.0,99000-99023-A96,FRONT UNDER SPOILER,Sedang,Rendah,Mahal,Slow,tidak laris
3.0,99000-99056-A2G,ROOF END SPOILER,Sedang,Rendah,Mahal,Slow,tidak laris
4.0,99000-99064-B1R,"UNDER SPOILER,FRONT",Sedang,Rendah,Mahal,Slow,tidak laris
5.0,99000-99076-FB0,FOG LAMP BEZEL,Banyak,Tinggi,Murah,Slow,laris
6.0,99000-990J5-AC4,CONSOLE BOX,Sedang,Rendah,Mahal,Slow,tidak laris
7.0,99000-99064-B1N,"SIDE UNDER GARNISH,GRAY MET",Sedang,Rendah,Mahal,Slow,tidak laris
8.0,99000-990C5-A03,"A/C FILTER, ANTIBACTERIAL APPLICABLE EFFECT",Banyak,Tinggi,Murah,Fast,laris
9.0,99000-990G4-A01,"A/C FILTER, ANTIBACTERIAL APPLICABLE EFFECT",Banyak,Tinggi,Murah,Fast,laris
10.0,35526-71L00-000,"BRACKET, ILLUMINATION RH (SWIFT SAI)",Banyak,Tinggi,Murah,Slow,laris
11.0,35566-71L00-000,"BRACKET, ILLUMINATION LH (SWIFT SAI)",Banyak,Tinggi,Murah,Slow,laris
12.0,36553-71L00-000,"LAMP ASSY, ILLUMINATION RH (SWIFT SAI)",Sedang,Rendah,Mahal,Slow,tidak laris
13.0,36554-71L00-000,"LAMP ASSY, ILLUMINATION LH (SWIFT SAI)",Sedang,Rendah,Mahal,Slow,tidak laris
14.0,71735-61P00-000,"SUPPORT, FRONT FOG LAMP SIDE RH (SWIFT SAI)",Banyak,Tinggi,Murah,Critical,laris
15.0,71736-61P00-000,"SUPPORT, FRONT FOG LAMP SIDE LH (SWIFT SAI)",Banyak,Tinggi,Murah,Critical,laris
16.0,71750-60P20-5PK,"BEZEL, FRONT FOG LAMP RH (SWIFT SAI)",Sedang,Tinggi,Murah,Slow,laris
17.0,71787-79M00-ZJ3,"PROTECTOR, FR BUMPER EXT CTR (CIAZ RS)",Sedang,Tinggi,Murah,Slow,laris
18.0,71788-79M00-ZJ3,"PROTECTOR, FR BUMPER EXT SIDE (CIAZ RS)",Sedang,Rendah,Murah,Slow,laris
19.0,71792-60P00-000,"BRACE, FRONT BUMPER SIDE LH (SWIFT SAI)",Sedang,Tinggi,Murah,Slow,laris
20.0,71863-79M00-ZJ3,"PROTECTOR, RR BUMPER EXT CTR (CIAZ RS)",Sedang,Tinggi,Murah,Slow,laris
21.0,71864-79M00-ZJ3,PROTECTOR. RR BUMPER EXT SIDE (CIAZ RS),Sedang,Rendah,Murah,Slow,laris
22.0,77232-82K00-000,"PROTECTOR, SIDE SILL SPLASH (CIAZ RS)",Sedang,Rendah,Murah,Slow,laris
23.0,71791-60P00-000,"BRACE, FRONT BUMPER SIDE RH (SWIFT SAI)",Banyak,Tinggi,Murah,Slow,laris
24.0,73821-62R00-5PK,"GARNISH,I/P CTR(BLACK)",Banyak,Tinggi,Murah,Slow,laris
25.0,73821-62R30-CF4,"GARNISH,I/P CTR",Banyak,Tinggi,Murah,Slow,laris
26.0,99250-68P00-000,"AC FILTER, ANTI PM2.5",Banyak,Tinggi,Murah,Fast,laris
27.0,99000-99036-A16,STICKER,Sedang,Rendah,Murah,Slow,laris
28.0,99000-99036-A18,STICKER,Banyak,Tinggi,Murah,Slow,laris
29.0,99000-99036-B21,"GRAPHIC SET,SPORT MIND",Sedang,Rendah,Murah,Slow,laris
30.0,99000-99036-B22,"GRAPHIC SET,SPORT MIND",Sedang,Rendah,Murah,Slow,laris
31.0,990E0-78R07-000,SIDE BODY MOLDING JIMNY,Sedang,Rendah,Mahal,Slow,tidak laris
32.0,99115-78R10-000,FRONT BUMPER UNDER GARNISH,Dikit,Rendah,Mahal,Slow,tidak laris
33.0,99118-78R00-BK1,"MUD FLAP FRONT,BLACK",Sedang,Rendah,Mahal,Slow,tidak laris
34.0,99118-78R10-BK1,"MUD FLAP REAR,BLACK",Sedang,Rendah,Mahal,Slow,tidak laris
35.0,99122-78R00-000,"COVER,DOOR MIRROR (CHROME)",Dikit,Rendah,Mahal,Slow,tidak laris
36.0,99126-78R00-000,DOOR HANDLE ESCUTCHEON,Sedang,Rendah,Mahal,Slow,tidak laris
37.0,99152-78R00-000,LUGGAGE NET,Sedang,Rendah,Mahal,Slow,tidak laris
38.0,99152-78R10-000,REAR GATE NET,Sedang,Rendah,Mahal,Slow,tidak laris
39.0,99233-78R00-QKJ,"AIR VENTS,HAGANE SILVER",Dikit,Rendah,Mahal,Slow,tidak laris
40.0,9923D-78R10-001,"AT SHIFT PANEL,RHD,HAGANE SILVER",Sedang,Tinggi,Mahal,Slow,laris
41.0,9923D-78R10-002,"AT SHIFT PANEL,RHD,STAIN SILVER",Sedang,Rendah,Mahal,Slow,tidak laris
42.0,99112-78R10-000,SIDE UNDER GARNISH,Dikit,Rendah,Mahal,Slow,tidak laris
43.0,75901-77RK0-WBM,"MAT SET,FLOOR (MT)",Banyak,Rendah,Mahal,Slow,tidak laris
44.0,75901-77RL0-WBM,"MAT SET,FLOOR (AT)",Sedang,Tinggi,Mahal,Slow,laris
45.0,99120-78R11-000,RAIN AND WIND DEFLECTOR SET,Sedang,Rendah,Murah,Slow,laris
46.0,75921-76G10-BKP,"HOLDER, FLOOR MAT",Banyak,Tinggi,Murah,Slow,laris
47.0,9912J-78R41-000,REAR DIFFERENTIAL GUARD,Sedang,Rendah,Mahal,Critical,tidak laris
48.0,9912J-78R31-000,FRONT DIFFERENTIAL GUARD,Sedang,Rendah,Mahal,Critical,tidak laris
49.0,990E0-78R48-000,CARGO PARTITION GRID (CROSSWISE),Dikit,Rendah,Mahal,Slow,tidak laris
50.0,99118-78R00-RD1,"MUD FLAP FRONT,RED",Sedang,Rendah,Mahal,Slow,tidak laris
51.0,99118-78R10-RD1,"MUD FLAP REAR,RED",Sedang,Rendah,Mahal,Slow,tidak laris
52.0,990J0M55T04-010,BODY SIDE MOULDING,Sedang,Rendah,Murah,Slow,laris
53.0,9911C-78R01-ZSC,FRONT GRILLE,Dikit,Rendah,Mahal,Slow,tidak laris
54.0,72201M76TX0-000,MUD FLAP,Banyak,Tinggi,Murah,Slow,laris
55.0,75901-80TL0-000,FLOOR MAT MT,Banyak,Tinggi,Mahal,Fast,laris
56.0,75901-80TM0-000,FLOOR MAT AT,Banyak,Tinggi,Mahal,Fast,laris
57.0,990E0-62R70-COV,WHEEL NUT COVER BLACK,Banyak,Tinggi,Murah,Fast,laris
58.0,99112-80T10-000,SIDE UNDER GARNISH,Dikit,Rendah,Mahal,Slow,tidak laris
59.0,99120-80T10-000,DOOR VISOR,Sedang,Tinggi,Mahal,Slow,laris
60.0,99126-80T10-000,DOOR HANDLE ESCUTCHEON,Sedang,Rendah,Mahal,Slow,tidak laris
61.0,99150-80T10-000,LUGGAGE MAT,Sedang,Rendah,Mahal,Slow,tidak laris
62.0,99152-80T30-000,REAR GATE NET,Sedang,Rendah,Mahal,Slow,tidak laris
63.0,99213-78R00-000,FOOT ILLUMINATION,Sedang,Rendah,Mahal,Slow,tidak laris
64.0,99213-78R10-000,GLOVE BOX ILLUMINATION,Dikit,Rendah,Mahal,Slow,tidak laris
65.0,99213-78R81-000,DOOR LAMP,Dikit,Rendah,Mahal,Slow,tidak laris
66.0,99230-78R30-001,"DECAL FOR SPARE TIRE HALF COVER, HONEYCOMB/RHINO",Dikit,Rendah,Mahal,Slow,tidak laris
67.0,99230-78R30-002,"DECAL FOR SPARE TIRE HALF COVER, CAMO/RHINO",Sedang,Rendah,Mahal,Slow,tidak laris
68.0,9923A-77RA0-000,"STICKER, RHINO",Banyak,Tinggi,Murah,Slow,laris
69.0,9923B-78R51-000,"SPARE TIRE COVER, SOFT/RHINO",Sedang,Rendah,Mahal,Slow,tidak laris
70.0,9923K-78R00-000,WHEEL LOCK NUT SET,Banyak,Tinggi,Mahal,Fast,laris
71.0,99250-78R00-000,AC FILTER ANTI PM 2.5,Banyak,Tinggi,Murah,Fast,laris
72.0,9914R-80T10-001,"COVER,ASSISTANT GRIP BROWN",Sedang,Rendah,Mahal,Slow,tidak laris
73.0,9914R-80T10-002,"COVER,ASSISTANT GRIP BLACK",Sedang,Tinggi,Mahal,Slow,laris
74.0,99176-78R11-000,MULTI ROOF RACK,Dikit,Rendah,Mahal,Slow,tidak laris
75.0,9917B-78R01-000,BICYCLE CARRIER,Dikit,Rendah,Mahal,Slow,tidak laris
76.0,990H0-990AO-060,1 SET DSP 5 CHANNEL BOX SUBWOFER,Dikit,Rendah,Mahal,Slow,tidak laris
77.0,09448-31029-000,SPRING,Banyak,Tinggi,Murah,Critical,laris
78.0,11320-73001-000,"PLATE,CLUTCH HOUSING LOWER",Banyak,Tinggi,Murah,Critical,laris
79.0,12620-73003-000,FLY WHEEL,Sedang,Rendah,Mahal,Critical,tidak laris
80.0,17569-82001-H17,"GASKET,WTR THERMO CAP",Banyak,Tinggi,Murah,Critical,laris
81.0,25510-60B01-000,"SHAFT,GEAR SHF",Banyak,Tinggi,Murah,Critical,laris
82.0,27842-63B00-000,"SEAL,DRIVE INTERMEDIATE,L",Banyak,Tinggi,Murah,Fast,laris
83.0,28180-60B00-000,"HOUSING COMP,GEAR SHF CONT",Sedang,Tinggi,Murah,Critical,laris
84.0,12860-82600-000,"SHAFT,INTAKE ROCKER ARM",Sedang,Rendah,Mahal,Critical,tidak laris
85.0,24761-50A00-000,"SEAL,TRANS CASE LOWER CAP",Banyak,Tinggi,Murah,Fast,laris
86.0,27841-63B00-000,"SEAL,DRIVE INTERMEDIATE,R",Banyak,Tinggi,Murah,Fast,laris
87.0,11139-86500-000,"SEAL,CYLINDER HEAD SIDE",Banyak,Tinggi,Murah,Fast,laris
88.0,09108-06078-000,"BOLT,STUD",Banyak,Tinggi,Murah,Critical,laris
89.0,09159-10045-000,NUT,Banyak,Tinggi,Murah,Fast,laris
90.0,09305-13007-000,BUSH,Banyak,Tinggi,Murah,Critical,laris
91.0,09388-00007-000,SPRING,Banyak,Tinggi,Murah,Critical,laris
92.0,09401-50402-000,CLAMP,Banyak,Tinggi,Murah,Slow,laris
93.0,09440-04019-000,SPRING,Banyak,Tinggi,Murah,Critical,laris
94.0,09440-17008-000,SPRING,Banyak,Tinggi,Murah,Critical,laris
95.0,09440-27007-000,SPRING,Banyak,Tinggi,Murah,Critical,laris
96.0,09448-12005-000,SPRING,Banyak,Rendah,Murah,Critical,laris
97.0,11383-82000-000,"SEAL,TIMING BELT COVER INSIDE",Banyak,Tinggi,Murah,Fast,laris
98.0,11610-79100-000,"MOUNT,ENGINE FR",Banyak,Tinggi,Murah,Critical,laris
99.0,11710-77100-000,"MOUNT,ENGINE RR",Banyak,Tinggi,Murah,Critical,laris
100.0,12313-78000-000,"RING,CRANK SEAL",Sedang,Tinggi,Murah,Critical,laris
101.0,13330-84300-000,CHAMBER ASSY,Sedang,Tinggi,Mahal,Critical,laris
102.0,15100-77300-000,"PUMP ASSY,FUEL",Sedang,Tinggi,Mahal,Critical,laris
103.0,16910-79110-000,"GAUGE,OIL LEVEL",Banyak,Tinggi,Murah,Critical,laris
104.0,17111-73010-000,"FAN,COOLING",Sedang,Tinggi,Murah,Critical,laris
105.0,17551-82700-000,"CONNECTOR,WATER INTAKE",Sedang,Tinggi,Murah,Critical,laris
106.0,23161-65002-000,"SUPPORT,CLUTCH BEARING",Banyak,Tinggi,Murah,Critical,laris
107.0,28115-79500-000,"SEAT,GEAR SHIFT LEVER",Banyak,Tinggi,Murah,Critical,laris
108.0,28115-82000-000,"SEAT,GEAR SHFT CONT LEVER",Banyak,Tinggi,Murah,Critical,laris
109.0,29221-80050-000,"GEAR,T/F OUTPUT HIGH",Sedang,Rendah,Mahal,Critical,tidak laris
110.0,31171-71310-000,PULLEY,Sedang,Rendah,Murah,Critical,laris
111.0,33410-77310-000,"COIL ASSY,IGNITION",Sedang,Rendah,Mahal,Critical,tidak laris
112.0,38310-80000-000,"ARM,WINDOW WIPER",Banyak,Tinggi,Murah,Slow,laris
113.0,41720-82000-000,"SEAT,STRUT MOUNT",Banyak,Tinggi,Murah,Critical,laris
114.0,43271-80000-000,"HOLDER,CENTER CAP RR",Sedang,Rendah,Murah,Slow,laris
115.0,43461-80000-000,"NUT,FR WHEEL BEARING",Banyak,Tinggi,Murah,Fast,laris
116.0,43465-80000-000,"WASHER,FR WHEEL BEARING",Sedang,Tinggi,Murah,Critical,laris
117.0,48116-80030-000,"PLATE,CONTACT",Sedang,Tinggi,Murah,Critical,laris
118.0,48117-80030-000,"SEAT,CONTACT",Banyak,Tinggi,Murah,Critical,laris
119.0,48128-80030-000,"COLLAR,CONTACT PLATE",Sedang,Tinggi,Murah,Slow,laris
120.0,48526-82000-000,"MOUNT,STEERING RACK SIDE",Banyak,Rendah,Murah,Critical,laris
121.0,48571-82000-000,"BOOT,STEERING PINION SIDE",Sedang,Tinggi,Murah,Critical,laris
122.0,48900-77300-000,"DRAG ROD, STEERING",Sedang,Rendah,Mahal,Critical,tidak laris
123.0,49400-79001-000,"PEDAL,ACCELERATOR",Sedang,Tinggi,Murah,Critical,laris
124.0,51300-77310-000,"BOOSTER ASSY,BRAKE MASTER",Sedang,Rendah,Mahal,Critical,tidak laris
125.0,52400-67821-000,PISTON CUP/BOOT SET,Banyak,Tinggi,Mahal,Critical,laris
126.0,53401-67010-000,"CYLINDER ASSY,RR RH WHEEL",Sedang,Rendah,Mahal,Critical,tidak laris
127.0,53401-83040-000,"CYLINDER ASSY,REAR WHEEL,R",Sedang,Tinggi,Mahal,Critical,laris
128.0,53402-67010-000,"CYLINDER ASSY,RR LH WHEEL",Sedang,Rendah,Mahal,Critical,tidak laris
129.0,53402-83040-000,"CYLINDER ASSY,REAR WHEEL,L",Sedang,Rendah,Mahal,Critical,tidak laris
130.0,53610-58040-000,"ANCHOR ASSY,RR BRAKE SHOE",Sedang,Rendah,Mahal,Critical,tidak laris
131.0,55213-82020-000,"SPRING,ANTI RATTLE OUTER",Banyak,Tinggi,Murah,Critical,laris
132.0,64520-80011-000,"PANEL,SIDE BODY FR UPPER LH",Sedang,Rendah,Murah,Slow,laris
133.0,69320-80110-000,"HINGE,FR DOOR LOWER RH",Sedang,Tinggi,Murah,Slow,laris
134.0,72412-80000-000,"STAY,FR WINDOW LOCK LH",Banyak,Tinggi,Murah,Slow,laris
135.0,72420-80010-000,"HINGE,FRONT WINDOW",Banyak,Tinggi,Murah,Slow,laris
136.0,73411-83000-55Y,"LID,GLOVE BOX INSTPNL",Sedang,Rendah,Murah,Slow,laris
137.0,73910-52002-000,"HANDLE,RR GATE LOCK",Dikit,Rendah,Murah,Slow,laris
138.0,77110-80810-281,"EXTENSION,FRONT FENDER,R",Sedang,Rendah,Mahal,Slow,tidak laris
139.0,77120-80810-281,"EXTENSION,FRONT FENDER,L",Dikit,Rendah,Mahal,Slow,tidak laris
140.0,77400-79891-000,LOCK SET,Dikit,Rendah,Mahal,Slow,tidak laris
141.0,83771-80100-000,"LID,BACK DOOR SERVICE HOLE",Sedang,Tinggi,Murah,Slow,laris
142.0,84701-80110-281,"MIRROR ASSY,RH",Dikit,Rendah,Mahal,Slow,tidak laris
143.0,84702-80110-281,"MIRROR ASSY,LH",Dikit,Rendah,Mahal,Slow,tidak laris
144.0,86101-73080-281,"MIRROR ASSY,RH",Sedang,Rendah,Mahal,Slow,tidak laris
145.0,86102-73080-281,"MIRROR ASSY,LH",Sedang,Rendah,Mahal,Slow,tidak laris
146.0,89260-82101-000,"CAP ASSY,FUEL FILLER",Sedang,Tinggi,Murah,Slow,laris
147.0,09471-12106-000,"BULB,12V55W,H3",Banyak,Tinggi,Murah,Fast,laris
148.0,11710-63B10-000,"MOUNTING COMP,ENGINE,RR",Sedang,Tinggi,Mahal,Critical,laris
149.0,17111-84000-000,FAN,Sedang,Tinggi,Murah,Critical,laris
150.0,09159-16011-000,NUT,Banyak,Tinggi,Murah,Fast,laris
151.0,38452-60B00-000,"CAP,WASHER TANK",Sedang,Rendah,Murah,Slow,laris
152.0,72311-60B00-000,"LINING,FRONT FENDER,R",Sedang,Rendah,Mahal,Slow,tidak laris
153.0,72316-60B00-000,"LINING,FRONT FENDER,L",Banyak,Tinggi,Mahal,Slow,tidak laris
154.0,41742-60B00-000,"WASHER,BEARING UPPER",Sedang,Tinggi,Murah,Critical,laris
155.0,41743-60B00-000,"WASHER,BEARING LOWER",Banyak,Tinggi,Murah,Critical,laris
156.0,41744-60B00-000,"SPACER,FRONT STRUT BEARING",Banyak,Tinggi,Murah,Critical,laris
157.0,84702-83000-5PK,"MIRROR ASSY,OUT REAR VIEW,L",Dikit,Rendah,Mahal,Slow,tidak laris
158.0,09283-56002-000,"SEAL,OIL,56X72.2X7.8",Banyak,Tinggi,Murah,Fast,laris
159.0,09381-65004-000,CIRCLIP,Sedang,Rendah,Murah,Slow,laris
160.0,09440-24010-000,SPRING,Sedang,Rendah,Murah,Critical,laris
161.0,09440-24011-000,SPRING,Banyak,Tinggi,Murah,Critical,laris
162.0,09443-12038-000,SPRING,Banyak,Tinggi,Murah,Critical,laris
163.0,11390-60A11-000,"COVER,TIMING BELT,OUTSIDE",Banyak,Tinggi,Murah,Critical,laris
164.0,11710-77500-000,"MOUNTING COMP,ENGINE REAR",Banyak,Tinggi,Mahal,Critical,laris
165.0,12140-60A50-000,"RING SET,PISTON",Banyak,Tinggi,Mahal,Critical,laris
166.0,12140-60A50-050,"RING SET,PISTON,OS:050",Sedang,Tinggi,Mahal,Critical,laris
167.0,12821-60A01-000,"SPRING,TENSIONER",Sedang,Tinggi,Murah,Critical,laris
168.0,17550-77500-000,"PIPE,WATER INLET",Banyak,Tinggi,Mahal,Fast,laris
169.0,23269-60A00-000,"SPRING,CLUTCH RLSE RTN",Banyak,Tinggi,Murah,Critical,laris
170.0,24110-77500-000,"SHAFT,T/M INPUT",Sedang,Rendah,Mahal,Critical,tidak laris
171.0,24741-77501-000,"RETAINER,INPUT SHAFT BEARING",Sedang,Tinggi,Murah,Critical,laris
172.0,35170-77500-000,SOCKET,Banyak,Tinggi,Murah,Fast,laris
173.0,37610-77500-000,"SWITCH ASSY,BACK-UP LAMP",Sedang,Rendah,Murah,Slow,laris
174.0,38102-77500-000,"LINK ASSY,WIPER",Sedang,Rendah,Mahal,Critical,tidak laris
175.0,41331-77500-000,"BUSHING,REAR SPRING,FRONT",Banyak,Tinggi,Murah,Critical,laris
176.0,42150-77500-000,"BUMPER COMP,REAR SPRING",Banyak,Tinggi,Murah,Slow,laris
177.0,45341-77500-000,"BUSHING,TENSION ROD",Sedang,Tinggi,Murah,Critical,laris
178.0,48500-77500-000,"BOX ASSY,STRG GEAR",Dikit,Rendah,Mahal,Critical,laris
179.0,48534-77500-000,"PLUNGER,STEERING RACK",Banyak,Tinggi,Murah,Critical,laris
180.0,48571-77500-000,"BOOT,STEERING RACK,NO.1",Banyak,Tinggi,Murah,Critical,laris
181.0,48572-77500-000,"BOOT,STEERING RACK,NO.2",Banyak,Rendah,Murah,Critical,laris
182.0,48900-77500-000,"ROD ASSY,STEERING DRAG",Sedang,Rendah,Mahal,Critical,tidak laris
183.0,49400-77500-000,"PEDAL ASSY,ACCEL",Sedang,Rendah,Mahal,Critical,tidak laris
184.0,62381-79000-000,"NUT,INSTRUMENT PANEL SUPPORT",Banyak,Tinggi,Murah,Fast,laris
185.0,09283-17022-000,"SEAL,OIL,17X28X7",Banyak,Tinggi,Murah,Fast,laris
186.0,23266-77501-000,"ARM,CLUTCH RLSE",Sedang,Tinggi,Murah,Critical,laris
187.0,33321-63B10-000,"CAP,DISTRIBUTOR",Dikit,Rendah,Murah,Slow,laris
188.0,38274-74300-000,CAP,Banyak,Rendah,Murah,Slow,tidak laris
189.0,81810-77500-000,"STOP COMP,FRONT DOOR OPEN",Sedang,Rendah,Murah,Slow,laris
190.0,84752-85700-5PK,"GARNISH,BRKT INR,R(BLACK)",Sedang,Rendah,Murah,Slow,laris
191.0,38101-70A00-000,"MOTOR ASSY,WIPER",Dikit,Rendah,Mahal,Critical,laris
192.0,53402-63B00-000,"CYLINDER ASSY,REAR WHEEL L",Sedang,Tinggi,Mahal,Critical,laris
193.0,15101-63B04-000,"GAUGE & PUMP SET,FUEL",Dikit,Rendah,Mahal,Critical,laris
194.0,37400-60B12-000,"SWITCH ASSY,COMB",Dikit,Rendah,Mahal,Slow,tidak laris
195.0,12761-77500-000,"BELT,TIMING",Sedang,Tinggi,Murah,Critical,laris
196.0,09283-50005-000,"SEAL,OIL,50X65X7",Banyak,Tinggi,Murah,Fast,laris
197.0,46630-60B01-000,"JOINT,STABILIZER BAR",Sedang,Tinggi,Murah,Critical,laris
198.0,41800-72C50-000,"STRUT ASSY,REAR SUSPENSION",Dikit,Rendah,Mahal,Critical,laris
199.0,43431-60B20-000,"SEAL,FR WHL BRG INNER OIL",Banyak,Tinggi,Murah,Fast,laris
200.0,34113-70A01-000,"HOOD ASSY,METER",Sedang,Tinggi,Mahal,Slow,laris
201.0,11189-73002-000,"GASKET,CYLINDER HEAD",Sedang,Tinggi,Murah,Critical,laris
202.0,49160-60E10-000,"PULLEY,BELT TENSION",Sedang,Rendah,Mahal,Critical,tidak laris
203.0,09280-24009-000,"O RING,D:3.6,ID:23.5",Banyak,Tinggi,Murah,Fast,laris
204.0,09401-57901-000,CLAMP,Sedang,Tinggi,Murah,Slow,laris
205.0,09440-05037-000,SPRING,Banyak,Tinggi,Murah,Critical,laris
206.0,09440-08029-000,SPRING,Banyak,Tinggi,Murah,Critical,laris
207.0,11710-60A01-000,"MOUNTING COMP,ENG RR",Banyak,Tinggi,Mahal,Critical,laris
208.0,14181-60A20-000,"GASKET,EXH MANIF & CTR PIPE",Dikit,Rendah,Mahal,Critical,laris
209.0,28138-60A01-000,"BOOT,GEAR SHF CONT LEVER NO.3",Banyak,Rendah,Murah,Slow,tidak laris
210.0,34810-60A11-000,"GAUGE ASSY,FUEL LEVEL",Dikit,Rendah,Mahal,Critical,laris
211.0,38450-61A00-000,"TANK ASSY,WASHER",Sedang,Rendah,Mahal,Slow,tidak laris
212.0,48721-60A00-000,"ARM,IDLER",Banyak,Tinggi,Mahal,Critical,laris
213.0,48750-60A00-000,"BUSHING,IDLER ARM",Sedang,Tinggi,Murah,Critical,laris
214.0,53441-56B00-000,"SPRING,WHEEL CYLINDER",Sedang,Tinggi,Murah,Critical,laris
215.0,72115-56B01-000,"CLIP,FRONT GRILLE",Banyak,Tinggi,Murah,Slow,laris
216.0,72115-60A00-000,"CLIP,FRONT GRILLE",Sedang,Tinggi,Murah,Slow,laris
217.0,72481-60A01-000,"LINING,FRONT FENDER,R",Sedang,Rendah,Mahal,Slow,tidak laris
218.0,72482-60A01-000,"LINING,FRONT FENDER,L",Sedang,Tinggi,Mahal,Slow,laris
219.0,73610-60A10-5PK,"LOUVER,CENTER VENT",Banyak,Rendah,Mahal,Slow,tidak laris
220.0,09263-25051-000,"BEARING,25.4X33.3X31.7",Sedang,Tinggi,Murah,Critical,laris
221.0,15410-63401-000,FUEL FILTER ST-100/SJ-410,Banyak,Rendah,Murah,Fast,laris
222.0,73210-70A00-5PK,"LOUVER ASSY,VENTILATOR,R",Sedang,Rendah,Murah,Slow,laris
223.0,11141-73003-000,"GASKET,CYLINDER HEAD",Sedang,Tinggi,Mahal,Critical,laris
224.0,53401-56B00-000,"CYLINDER ASSY,RR WHEEL BRAKE,R",Sedang,Rendah,Mahal,Critical,tidak laris
225.0,55191-56B00-000,"PIN,CYLINDER SLIDE",Sedang,Tinggi,Murah,Critical,laris
226.0,09265-25029-000,"BEARING,25X52X19.25",Banyak,Tinggi,Mahal,Critical,laris
227.0,12911-71C00-000,"VALVE,INTK",Sedang,Tinggi,Murah,Critical,laris
228.0,23820-70C00-000,"CYLINDER ASSY,CLUTCH OPERATING",Dikit,Rendah,Mahal,Critical,laris
229.0,24431-70C00-000,"RING,1ST GEAR SYNCH",Sedang,Tinggi,Murah,Critical,laris
230.0,27432-70C00-000,"SEAL,DIFF SIDE OIL",Banyak,Tinggi,Murah,Fast,laris
231.0,09448-31030-000,SPRING,Sedang,Rendah,Murah,Critical,laris
232.0,73220-70A00-5PK,"LOUVER ASSY,VENTILATOR,L",Banyak,Rendah,Murah,Slow,tidak laris
233.0,37400-80421-000,"SWITCH ASSY,COMB",Dikit,Rendah,Mahal,Slow,tidak laris
234.0,17110-60A00-000,"FAN,ENGINE COOLING",Sedang,Rendah,Murah,Critical,laris
235.0,16910-60A01-000,"GAUGE,OIL LEVEL",Banyak,Tinggi,Murah,Critical,laris
236.0,15110-63810-000,"PUMP SET,FUEL",Dikit,Rendah,Mahal,Critical,laris
237.0,24431-74050-000,"RING,HIGH SPEED SYNC",Sedang,Rendah,Mahal,Critical,tidak laris
238.0,12810-71C02-000,"TENSIONER,TIMING BELT",Sedang,Tinggi,Mahal,Critical,laris
239.0,28113-50E60-5ES,"KNOB,GEAR SHF CONT LEVER(BLACK",Sedang,Rendah,Murah,Slow,laris
240.0,17561-60B00-000,"CAP,WATER THERMOSTAT",Banyak,Rendah,Murah,Slow,tidak laris
241.0,17932-60B10-000,"CAP,WATER RESERVE TANK",Dikit,Rendah,Murah,Slow,laris
242.0,77122-60B00-000,"SEAL,TRUNK LID GARNISH",Banyak,Tinggi,Murah,Fast,laris
243.0,23264-60A00-000,"BUSH,CLUTCH RLSE SHAFT NO.1",Sedang,Tinggi,Murah,Critical,laris
244.0,33230-60A30-000,"CONTROLLER ASSY,VACUUM",Sedang,Rendah,Mahal,Critical,tidak laris
245.0,37610-83001-000,"SWITCH ASSY,BACK UP LAMP",Sedang,Tinggi,Murah,Slow,laris
246.0,84701-83000-5PK,"MIRROR ASSY,OUT REAR VIEW,R",Sedang,Rendah,Mahal,Slow,tidak laris
247.0,48900-82C00-000,"ROD ASSY,STRG DRAG",Dikit,Rendah,Mahal,Critical,laris
248.0,71810-80111-000,"BUMPER,REAR",Sedang,Rendah,Mahal,Slow,tidak laris
249.0,75191-56B00-000,"GARNISH,LUGGAGE MAT END",Sedang,Rendah,Mahal,Slow,tidak laris
250.0,72115-57C10-000,"NET,FRONT GRILLE",Sedang,Tinggi,Murah,Slow,laris
251.0,73610-50A00-6GL,"LOUVER COMP,CENTER VENTILATOR",Sedang,Tinggi,Mahal,Slow,laris
252.0,13701-80X50-000,"CLEANER ASSY,AIR",Banyak,Tinggi,Mahal,Fast,laris
253.0,43462-77501-000,"BEARING,FR WHEEL",Sedang,Rendah,Mahal,Critical,tidak laris
254.0,24780-60A50-000,"SEAL,EXTENSION CASE OIL",Banyak,Tinggi,Murah,Fast,laris
255.0,35650-55F00-000,"LAMP UNIT,RR COMB,R (VAN)",Dikit,Rendah,Mahal,Slow,tidak laris
256.0,35670-55F00-000,"LAMP UNIT,RR COMB,L (VAN)",Dikit,Rendah,Mahal,Slow,tidak laris
257.0,36210-55F00-6GS,"LAMP ASSY,DOME RR(GRAY)",Dikit,Rendah,Mahal,Slow,tidak laris
258.0,35120-83000-000,"UNIT,HEADLAMP",Sedang,Tinggi,Mahal,Critical,laris
259.0,36410-79030-000,"LAMP ASSY,SIDE TURN SIGNAL RH",Dikit,Rendah,Mahal,Slow,tidak laris
260.0,09103-12048-000,"BOLT,12X90",Sedang,Tinggi,Murah,Critical,laris
261.0,11620-60B11-000,"MOUNTING,ENGINE LH",Sedang,Rendah,Mahal,Critical,tidak laris
262.0,09168-20003-000,"GASKET,20X27X2",Sedang,Tinggi,Murah,Critical,laris
263.0,38860-72G00-000,"RELAY ASSY,MAIN & FUEL",Banyak,Tinggi,Murah,Critical,laris
264.0,13421-58B00-000,"GASKET,THROTTLE BODY",Sedang,Tinggi,Murah,Critical,laris
265.0,37670-60A02-000,"SWITCH ASSY,DOOR",Sedang,Rendah,Murah,Slow,laris
266.0,49114-60A00-000,SEAL SET,Banyak,Tinggi,Mahal,Fast,laris
267.0,25517-60B01-000,"SEAL,GEAR SHIFT OIL",Banyak,Tinggi,Murah,Fast,laris
268.0,11910-60A03-000,"BUSH,TORQUE STOPPER",Sedang,Rendah,Mahal,Critical,tidak laris
269.0,73416-77501-000,"SPRING,GLOVE BOX LID LOCK",Sedang,Tinggi,Murah,Critical,laris
270.0,49214-82C00-000,"HOSE,SUCTION",Banyak,Tinggi,Murah,Fast,laris
271.0,48400-80250-5ES,"COVER SET,STEERING COLUMN",Dikit,Rendah,Mahal,Slow,tidak laris
272.0,12140-61G50-000,"RING SET,PISTON",Sedang,Tinggi,Murah,Critical,laris
273.0,12140-61G50-025,"RING SET,PISTON,OS:0.25",Sedang,Tinggi,Mahal,Critical,laris
274.0,12140-61G50-050,"RING SET,PISTON,OS:0.50",Sedang,Tinggi,Murah,Critical,laris
275.0,13260-61BT0-000,SOLENOID SET,Dikit,Rendah,Mahal,Critical,laris
276.0,58410-60A30-000,"HINGE,FRONT HOOD,L",Banyak,Rendah,Mahal,Slow,tidak laris
277.0,83791-83011-5ES,"GARNISH,FR DOOR TRIM UPPER,R",Sedang,Tinggi,Murah,Slow,laris
278.0,83792-83011-5ES,"GARNISH,FR DOOR TRIM UPPER,L",Sedang,Rendah,Murah,Slow,laris
279.0,48830-50G10-000,"TIE-ROD COMP,STEERING",Sedang,Rendah,Mahal,Critical,tidak laris
280.0,11610-58B10-000,"MOUNTING,ENG FRONT",Dikit,Rendah,Mahal,Critical,laris
281.0,78470-50C00-000,FRAME TOP BOW,Dikit,Rendah,Mahal,Slow,tidak laris
282.0,09409-06309-5ES,CLIP(BLACK),Banyak,Tinggi,Murah,Slow,laris
283.0,28231-60B10-000,"BUSH,CONT SHAFT",Sedang,Tinggi,Murah,Critical,laris
284.0,82850-61A01-000,"HANDLE,BACK DOOR OUT",Banyak,Tinggi,Murah,Slow,laris
285.0,13650-50G01-000,"SENSOR,WATER TEMP",Banyak,Tinggi,Mahal,Critical,laris
286.0,22100-60G20-000,"COVER ASSY,CLUTCH",Sedang,Tinggi,Mahal,Slow,laris
287.0,72381-60G00-000,"COVER,ENGINE UNDER,R",Sedang,Tinggi,Murah,Slow,laris
288.0,17931-60G00-000,"TANK,WATER RESERVE",Banyak,Tinggi,Murah,Fast,laris
289.0,84623-60G00-000,MOLDING BACK WINDOW UPPER,Sedang,Rendah,Mahal,Slow,tidak laris
290.0,37400-60G50-000,"SWITCH ASSY,COMB",Dikit,Rendah,Mahal,Slow,tidak laris
291.0,11610-60G10-000,"MOUNTING COMP,ENGINE,RH",Dikit,Rendah,Mahal,Critical,laris
292.0,51220-50F00-000,"CAP,RESERVOIR",Sedang,Tinggi,Murah,Slow,laris
293.0,11620-62G01-000,"MOUNTING COMP,ENGINE,LH",Sedang,Rendah,Mahal,Critical,tidak laris
294.0,54410-56B60-000,"CABLE COMP,PARKING BRAKE,R",Sedang,Rendah,Mahal,Critical,tidak laris
295.0,12610-61G00-000,"PULLEY,CRANKSHAFT",Sedang,Rendah,Mahal,Critical,tidak laris
296.0,46200-50830-000,"ARM SET,REAR SUSPENSION",Sedang,Rendah,Mahal,Critical,tidak laris
297.0,11710-62G00-000,"MOUNTING COMP,ENGINE,RR",Dikit,Rendah,Mahal,Critical,laris
298.0,17561-63B01-000,"CAP,WATER THERMOSTAT",Sedang,Tinggi,Murah,Slow,laris
299.0,11349-60A01-000,"GASKET,OIL SEAL HOUSING",Sedang,Tinggi,Murah,Critical,laris
300.0,29610-82C01-000,"MOUNTING,T/F",Sedang,Rendah,Murah,Critical,laris
301.0,23800-70810-000,PISTON & CUP SET,Sedang,Tinggi,Murah,Critical,laris
302.0,09283-44011-000,"SEAL,OIL,44X62X8",Banyak,Tinggi,Murah,Fast,laris
303.0,26130-60G00-000,"GEAR COMP,SPEEDOMETER DRIVEN",Sedang,Rendah,Mahal,Critical,tidak laris
304.0,43420-50820-000,"HUB SET,FRONT WHEEL",Dikit,Rendah,Mahal,Critical,laris
305.0,45200-60830-000,"ARM SET,FR SPNSN RH",Dikit,Rendah,Mahal,Critical,laris
306.0,72121-77501-27N,"GARNISH, HEAD LAMP LH",Dikit,Rendah,Mahal,Slow,tidak laris
307.0,26131-77510-000,"GEAR,SPEEDOMETER DRIVEN",Sedang,Tinggi,Murah,Critical,laris
308.0,55840-64G00-000,PISTON/SEAL SET,Sedang,Tinggi,Murah,Critical,laris
309.0,35121-77502-27N,"UNIT,HEADLAMP,RH",Dikit,Rendah,Mahal,Critical,laris
310.0,35321-77502-27N,"UNIT,HEADLAMP,LH",Dikit,Rendah,Mahal,Critical,laris
311.0,38720-75F30-000,"CONTROLLER ASSY,POWER STRG",Dikit,Rendah,Mahal,Critical,laris
312.0,11710-75F00-000,"MOUNTING,ENGINE RR",Sedang,Tinggi,Murah,Critical,laris
313.0,11875-54E00-000,"MOUNTING,T/M",Sedang,Rendah,Murah,Critical,laris
314.0,15110-75FS0-000,PUMP/FILTER ASSY,Dikit,Rendah,Mahal,Critical,laris
315.0,17561-60B61-000,"CAP,WATER THERMOSTAT",Banyak,Rendah,Murah,Slow,tidak laris
316.0,24240-64B00-000,GEAR INPUT SHAFT 4TH,Sedang,Tinggi,Mahal,Critical,laris
317.0,39250-70B40-000,ANTENNA ASSY,Sedang,Tinggi,Mahal,Slow,laris
318.0,41741-50E00-000,"BEARING,FRONT STRUT",Banyak,Rendah,Murah,Critical,laris
319.0,48810-76G00-000,"END COMP,STEERING TIE-ROD",Sedang,Tinggi,Mahal,Critical,laris
320.0,52241-84010-000,"PIN,SHOE HOLD DOWN",Sedang,Tinggi,Murah,Critical,laris
1.039,55840-80J01-000,PISTON CUP&BOOT SET,Dikit,Rendah,Mahal,Critical,laris
322.0,55192-75F00-000,"PIN,CYLINDER SLIDE,NO.2",Banyak,Tinggi,Murah,Critical,laris
323.0,77191-50G00-000,SPRING FUEL INLET LID,Sedang,Tinggi,Murah,Critical,laris
324.0,78163-50E00-000,END ROOF MOLDING RR L,Sedang,Tinggi,Murah,Slow,laris
325.0,84611-75F00-000,MOLDING WINDSHIELD,Dikit,Rendah,Mahal,Slow,tidak laris
326.0,17852-60G10-000,"HOSE,RADIATOR,INLET",Banyak,Tinggi,Murah,Fast,laris
327.0,33220-50G02-000,"SENSOR ASSY,CAM POSITION",Sedang,Tinggi,Mahal,Critical,laris
328.0,72311-65G00-000,"LINNING,FRONT FENDER,R",Dikit,Rendah,Mahal,Slow,tidak laris
329.0,72316-65G00-000,"LINNING,FRONT FENDER L",Sedang,Rendah,Mahal,Slow,tidak laris
330.0,14182-64B03-000,"GASKET,EXH PIPE",Sedang,Tinggi,Murah,Critical,laris
331.0,36210-50E61-6GS,"LAMP ASSY,ROOM(GRAY)",Banyak,Rendah,Mahal,Slow,tidak laris
332.0,09448-21005-000,SPRING,Sedang,Tinggi,Murah,Critical,laris
333.0,17700-77E20-000,RADIATOR ASSY,Dikit,Rendah,Mahal,Critical,laris
334.0,27431-60G10-000,"SEAL ,DIFF SIDE OIL",Banyak,Tinggi,Murah,Fast,laris
335.0,27441-60G10-000,"SEAL ,DIFF SIDE R",Banyak,Tinggi,Murah,Fast,laris
336.0,72831-65D10-000,"BRACKET,SPARE TIRE COVER",Banyak,Tinggi,Murah,Slow,laris
337.0,35650-65D10-000,"LAMP UNIT,RR COMB,RH",Dikit,Rendah,Mahal,Slow,tidak laris
338.0,35670-65D10-000,"LAMP UNIT,RR COMB,LH",Dikit,Rendah,Mahal,Slow,tidak laris
339.0,49114-64G10-000,SEAL SET,Sedang,Tinggi,Murah,Fast,laris
340.0,09159-12057-000,NUT,Banyak,Tinggi,Murah,Fast,laris
341.0,09280-34005-000,"O RING,D:3.5,ID:33.7",Banyak,Tinggi,Murah,Fast,laris
342.0,09283-28014-000,"SEAL,OIL,28X50X8",Banyak,Tinggi,Murah,Fast,laris
343.0,09283-98002-000,"SEAL,OIL,98X116X10",Banyak,Tinggi,Murah,Fast,laris
344.0,11146-85FA1-000,"BOLT,CYLINDER HEAD",Banyak,Tinggi,Murah,Critical,laris
345.0,11188-85FA0-000,"WASHER,CYL HEAD COVER SEAL",Banyak,Tinggi,Murah,Critical,laris
346.0,11189-77E00-000,"GASKET,CYLINDER HEAD COVER",Sedang,Tinggi,Murah,Critical,laris
347.0,11610-65D00-000,"MOUNTING,ENGINE,FRONT",Sedang,Tinggi,Mahal,Critical,laris
361.0,17530-77E00-000,"RING SET,PISTON,OS:0.50",Sedang,Tinggi,Mahal,Critical,laris
349.0,12615-85FA0-000,"BOLT,CRANKSHAFT PULLEY",Sedang,Tinggi,Murah,Critical,laris
350.0,12631-77E00-000,"SPROCKET,CRANKSHAFT TIMING",Sedang,Tinggi,Murah,Critical,laris
351.0,12741-77E00-000,"SPROCKET,CAMSHAFT TIMING",Sedang,Tinggi,Murah,Critical,laris
352.0,12762-77E00-000,"CHAIN COMP,TIMING,2ND",Banyak,Tinggi,Murah,Critical,laris
353.0,12771-77E00-000,"GUIDE,TIMING CHAIN,NO.1",Banyak,Tinggi,Murah,Critical,laris
354.0,12811-77E00-000,"TENSIONER,TIMING CHAIN",Banyak,Tinggi,Mahal,Critical,laris
355.0,12835-77E00-000,"GASKET,TENSIONER ADJ,NO,2",Sedang,Tinggi,Murah,Critical,laris
356.0,15910-60A03-000,"CABLE ASSY,ACCEL(RH)",Sedang,Tinggi,Murah,Critical,laris
357.0,16100-65D00-000,"PUMP ASSY,OIL",Sedang,Rendah,Mahal,Critical,tidak laris
954.0,17530-82J00-000,"CHAIN,OIL PUMP DRIVE",Banyak,Rendah,Mahal,Critical,tidak laris
359.0,17110-65D00-000,"FAN,ENGINE COOLING",Banyak,Tinggi,Mahal,Critical,laris
360.0,17511-77E00-000,"PULLEY,WATER PUMP",Sedang,Tinggi,Murah,Critical,laris
896.0,42412-78K00-000,"PULLEY,GEN BELT IDLER",Dikit,Rendah,Mahal,Critical,laris
362.0,17579-77EA0-000,"GASKET,WTR OUTLET CAP",Sedang,Rendah,Murah,Critical,laris
363.0,17590-77EA1-000,"PIPE,WATER BYPASS",Banyak,Tinggi,Murah,Fast,laris
610.0,12140-65J50-000,"SHROUD,FAN",Sedang,Rendah,Mahal,Critical,tidak laris
365.0,17841-77EA0-000,"HOSE,RADIATOR,INLET",Banyak,Rendah,Murah,Fast,laris
366.0,17851-77EA0-000,"HOSE,RADIATOR,OUTLET",Banyak,Tinggi,Murah,Fast,laris
367.0,17859-77EA1-000,"HOSE,WATER BYPASS",Banyak,Tinggi,Murah,Fast,laris
368.0,17871-65D00-000,"HOSE,HEATER INLET",Banyak,Tinggi,Murah,Fast,laris
369.0,17880-77EA2-000,"PIPE,HTR OUTLET",Banyak,Tinggi,Mahal,Fast,laris
370.0,36232-65D00-000,"LENS,SPOT LAMP",Sedang,Rendah,Mahal,Slow,tidak laris
371.0,37990-65D20-T01,"SWITCH ASSY,POWER WINDOW,MA",Dikit,Rendah,Mahal,Slow,tidak laris
372.0,38330-65D10-000,"ARM ASSY,WIPER,LH",Sedang,Tinggi,Mahal,Slow,laris
373.0,41601-65D10-000,"STRUT ASSY,FRONT SUSPENSION,R",Sedang,Rendah,Mahal,Critical,tidak laris
374.0,41602-65D10-000,"STRUT ASSY,FRONT SUSPENSION,L",Sedang,Rendah,Mahal,Critical,tidak laris
375.0,43485-65D00-000,"RING,RR WHEEL BRG RETAINER",Sedang,Tinggi,Murah,Critical,laris
376.0,45261-65D01-000,"BUSHING,SPNSN ARM,FRONT",Banyak,Rendah,Murah,Critical,laris
377.0,46300-65D00-000,"ROD ASSY,RR SPNSN,LATERAL",Sedang,Tinggi,Mahal,Critical,laris
378.0,48575-65D00-000,"WIRE,RACK BOOT",Banyak,Tinggi,Murah,Fast,laris
379.0,53231-65D00-000,"SPRING,SHOE RETURN,LOWER",Sedang,Tinggi,Murah,Critical,laris
380.0,53243-65D00-000,"SPRING,SHOE HOLD DOWN",Sedang,Tinggi,Murah,Critical,laris
381.0,53331-65D00-000,"SPRING,SHOE RETURN,UPPER",Sedang,Tinggi,Murah,Critical,laris
382.0,53792-52D00-000,"SPRING,ANTIRATTLE,L",Sedang,Tinggi,Murah,Critical,laris
383.0,53824-65D00-000,"SPRING,ADJUSTER",Banyak,Tinggi,Murah,Critical,laris
384.0,55234-77E00-000,"LINER,PAD",Sedang,Rendah,Murah,Slow,laris
385.0,72112-65D10-0PG,GARNISH FR GRILLE UPPER(CHROME),Sedang,Rendah,Mahal,Slow,tidak laris
386.0,72481-65D10-000,"LINING,FRONT FENDER R",Sedang,Rendah,Mahal,Slow,tidak laris
387.0,72482-65D10-000,LINING FRONT FENDER L,Dikit,Rendah,Mahal,Slow,tidak laris
388.0,73430-60870-T01,LOCK GLOVE BOX,Dikit,Rendah,Mahal,Slow,tidak laris
389.0,75521-65D10-000,"LINING, REAR WHEEL HSG, R",Sedang,Rendah,Mahal,Slow,tidak laris
390.0,75531-65DA0-000,"LINING, REAR WHEEL HOUSING, LH",Sedang,Rendah,Mahal,Slow,tidak laris
391.0,77312-65D00-000,"WEATHERSTRIP, COWL TOP",Sedang,Tinggi,Murah,Slow,laris
392.0,77541-65D00-5PK,"MOLDING, ROOF DRIP, R",Sedang,Rendah,Mahal,Slow,tidak laris
393.0,77553-65D10-000,"CLIP, SPLASH GUARD",Sedang,Tinggi,Murah,Slow,laris
394.0,78226-65D01-1YW,"CAP,ROOF RAIL FR L",Banyak,Tinggi,Mahal,Slow,tidak laris
395.0,83660-65D00-000,"RUN COMP, FR DOOR GLASS, R",Sedang,Rendah,Mahal,Slow,tidak laris
396.0,83680-65D00-000,"RUN COMP, FR DOOR GLASS, L",Sedang,Rendah,Mahal,Slow,tidak laris
397.0,83810-65D00-000,"WEATHERSTRIP COMP, FR DR OUT, R",Sedang,Rendah,Mahal,Slow,tidak laris
398.0,83820-65D00-000,"WEATHERSTRIP COMP, FR DR OUT, L",Sedang,Rendah,Mahal,Slow,tidak laris
399.0,83830-65D00-000,"WEATHERSTRIP COMP, RR DR OUT, R",Banyak,Rendah,Mahal,Slow,tidak laris
400.0,83840-65D00-000,"WEATHERSTRIP COMP, RR DR OUT, L",Sedang,Tinggi,Mahal,Slow,laris
401.0,84611-65D00-5PK,MOLDING WINDSHIELD,Dikit,Rendah,Mahal,Slow,tidak laris
402.0,89311-65DA0-000,"PROTECTOR,FILLER HOSE",Sedang,Rendah,Mahal,Slow,tidak laris
403.0,33278-77E10-000,O RING,Banyak,Tinggi,Murah,Fast,laris
404.0,43420-77810-000,"HUB SET,FRONT WHEEL",Dikit,Rendah,Mahal,Critical,laris
405.0,11710-77E11-000,"MOUNTING,ENG,RR",Sedang,Tinggi,Mahal,Critical,laris
406.0,24971-57B00-000,"KEY,WOODRUFF",Dikit,Rendah,Murah,Slow,laris
407.0,29799-54D10-000,"SEAL,OIL PUMP BODY",Banyak,Tinggi,Murah,Fast,laris
408.0,12631-86510-000,"PULLEY,CRANK TIMING BELT",Sedang,Tinggi,Murah,Critical,laris
409.0,56451-65D00-000,"RING,REAR WHEEL SENSOR",Sedang,Tinggi,Murah,Critical,laris
410.0,71711-65D00-799,BUMPER FRT,Dikit,Rendah,Mahal,Slow,tidak laris
411.0,36210-60G01-6GS,"LAMP ASSY,ROOM(GRAY)",Banyak,Tinggi,Mahal,Slow,tidak laris
412.0,41710-54G10-000,"SUPPORT COMP,FRONT STRUT",Dikit,Rendah,Mahal,Critical,laris
413.0,77811-75F01-0PG,EMBLEM S MARK,Sedang,Rendah,Murah,Slow,laris
414.0,77811-60G01-0PG,EMBLEM S MARK,Sedang,Rendah,Murah,Slow,laris
415.0,13780-75F00-000,"ELEMENT,AIR CLEANER",Banyak,Tinggi,Murah,Fast,laris
416.0,11710-80011-000,"MOUNTING,ENG RR",Banyak,Tinggi,Murah,Critical,laris
417.0,12151-60D00-000,"PIN,PISTON",Sedang,Tinggi,Murah,Critical,laris
418.0,48534-50F00-000,"PLUNGER,STEERING RACK",Sedang,Rendah,Murah,Critical,laris
419.0,44220-73AV0-000,"SHAFT ASSY,REAR AXLE,L",Dikit,Rendah,Mahal,Critical,laris
420.0,42412-65D00-000,"BUSHING,STAB BAR MOUNT",Sedang,Tinggi,Murah,Critical,laris
421.0,55201-56B01-000,"BOOT,PIN",Sedang,Tinggi,Murah,Critical,laris
422.0,11402-61872-000,"GASKET SET,ENGINE",Dikit,Rendah,Mahal,Critical,laris
423.0,35120-54G10-000,"UNIT,HEADLAMP,R",Dikit,Rendah,Mahal,Critical,laris
424.0,35320-54G10-000,"UNIT,HEADLAMP,L",Sedang,Rendah,Mahal,Critical,tidak laris
425.0,35650-54G00-000,"LAMP UNIT,RR COMB,R",Dikit,Rendah,Mahal,Slow,tidak laris
426.0,35670-54G00-000,"LAMP UNIT,RR COMB,L",Dikit,Rendah,Mahal,Slow,tidak laris
427.0,71711-54G00-799,BUMPER FRONT,Dikit,Rendah,Mahal,Slow,tidak laris
428.0,71811-54G00-799,BUMPER REAR,Dikit,Rendah,Mahal,Slow,tidak laris
429.0,83401-54G20-000,REGULATOR ASSY FR W/D R,Sedang,Rendah,Mahal,Critical,tidak laris
430.0,44210-73AV0-000,"SHAFT ASSY,REAR AXLE,R",Dikit,Rendah,Mahal,Critical,laris
431.0,17559-73010-000,"GASKET,WATER INLET",Sedang,Tinggi,Murah,Critical,laris
432.0,27431-73H30-000,SEAL OIL,Banyak,Tinggi,Murah,Fast,laris
433.0,83811-54G00-000,WEATHERSTRIP FR DOOR RH,Sedang,Tinggi,Mahal,Slow,laris
434.0,11710-65G50-000,"MOUNTING,ENGINE RR",Dikit,Rendah,Mahal,Critical,laris
321.0,52400-84811-000,"RING SET,PISTON(STD)",Sedang,Rendah,Mahal,Critical,tidak laris
436.0,12221-69GA0-000,CRANKSHAFT,Dikit,Rendah,Mahal,Critical,laris
437.0,83821-54G00-000,WEATHERSTRIP FR DOOR LH,Sedang,Rendah,Mahal,Slow,tidak laris
438.0,09283-83001-000,"SEAL,OIL,83X103X8",Banyak,Tinggi,Murah,Fast,laris
439.0,37990-54G11-P4Z,"SWITCH ASSY,P/W MAIN(GRAY)",Dikit,Rendah,Mahal,Slow,tidak laris
440.0,45540-54G00-000,"BUSHING,SPNSN ARM,REAR",Banyak,Tinggi,Murah,Critical,laris
441.0,77811-54G10-GB2,EMBLEM MARK S,Sedang,Rendah,Murah,Slow,laris
442.0,77821-54G00-0PG,EMBLEM AERIO (CHROME),Dikit,Rendah,Murah,Slow,laris
443.0,09112-08004-000,"BOLT,8X25",Banyak,Tinggi,Murah,Critical,laris
444.0,11620-54G11-000,"MOUNTING,ENGINE LH",Sedang,Tinggi,Mahal,Critical,laris
445.0,12610-69G00-000,"PULLEY COMP,CRANKSHAFT",Sedang,Tinggi,Mahal,Critical,laris
446.0,48526-54G00-000,"MOUNT,STEERING RACK SIDE",Sedang,Tinggi,Murah,Critical,laris
572.0,12100-54812-050,"TIE-ROD COMP,STEERING",Sedang,Rendah,Mahal,Critical,tidak laris
448.0,49140-54G00-000,"TANK ASSY,POWER STEERING",Sedang,Tinggi,Mahal,Critical,laris
449.0,49222-54G70-000,"HOSE,SUCTION",Sedang,Rendah,Murah,Fast,laris
450.0,49223-54G10-000,"HOSE,RETURN GEAR SIDE",Sedang,Tinggi,Mahal,Fast,laris
451.0,84512-54G00-000,MOLDINGWINDSHIELD,Sedang,Tinggi,Mahal,Slow,laris
452.0,38480-54G00-000,"NOZZLE,WASHER",Banyak,Rendah,Murah,Fast,laris
453.0,56210-54G00-000,"SENSOR COMP,FR WHEEL,R",Sedang,Tinggi,Mahal,Critical,laris
454.0,56310-54G00-000,"SENSOR,RR WHEEL,R",Sedang,Rendah,Mahal,Critical,tidak laris
455.0,64850-55G00-000,"DOOR COMP, FUEL FILLER",Sedang,Rendah,Murah,Slow,laris
456.0,09471-12195-000,"BULB,12V5W",Banyak,Tinggi,Murah,Fast,laris
457.0,17581-69G00-000,"CAP,WATER OUTLET",Dikit,Rendah,Murah,Slow,laris
458.0,23260-75C01-000,"SHAFT COMP,CLUTCH RELEASE",Banyak,Tinggi,Murah,Critical,laris
459.0,26543-55GT0-000,"PISTON SET,C-2 ACCUMULATOR",Sedang,Tinggi,Murah,Critical,laris
565.0,48550-70B10-000,BEARING DRIVE INTERMEDIATE,Sedang,Tinggi,Mahal,Critical,laris
461.0,35118-76F00-000,"SOCKET,POSITION LAMP",Banyak,Tinggi,Murah,Fast,laris
462.0,37111-54G00-000,SWITCH ASSY,Sedang,Rendah,Mahal,Slow,tidak laris
463.0,37670-76G00-000,"SWITCH ASSY,DOOR",Sedang,Tinggi,Murah,Slow,laris
464.0,55191-78A00-000,"PIN,CYLINDER SLIDE",Sedang,Tinggi,Murah,Critical,laris
465.0,72381-54G02-000,COVER ENGINE UNDER R,Banyak,Tinggi,Murah,Slow,laris
466.0,72382-54G11-000,COVER ENGINE UNDER L,Sedang,Tinggi,Murah,Slow,laris
467.0,83831-54G00-000,WEASTHERSTRIP RR DOOR OUTER R,Sedang,Rendah,Mahal,Slow,tidak laris
468.0,83841-54G00-000,WEATHERSTRIP RR DOOR OUTER L,Sedang,Rendah,Mahal,Slow,tidak laris
469.0,65100-57820-000,PANEL SET ROOF,Dikit,Rendah,Mahal,Slow,tidak laris
470.0,58410-65D10-000,"HINGE COMP,FRONT HOOD,R",Banyak,Tinggi,Mahal,Slow,tidak laris
471.0,11100-52G01-000,"HEAD ASSY,CYLINDER",Dikit,Rendah,Mahal,Critical,laris
472.0,71711-65DD1-799,BUMPER FR (PRIMARY),Dikit,Rendah,Mahal,Slow,tidak laris
473.0,11141-86FA1-000,"GASKET,CYLINDER HEAD RH",Dikit,Rendah,Mahal,Critical,laris
474.0,11142-86FA1-000,"GASKET,CYLINDER HEAD LH",Sedang,Rendah,Mahal,Critical,tidak laris
475.0,78132-54G00-5PK,CAP FRT MOLDING,Sedang,Tinggi,Murah,Slow,laris
476.0,12631-67D00-000,"SPROCKET,CRANKSHAFT TIMING",Sedang,Tinggi,Mahal,Critical,laris
477.0,12632-67D00-000,"SPROCKET,OIL PUMP DRIVE",Sedang,Tinggi,Murah,Critical,laris
478.0,12742-85FA0-000,"SPROCKET,CAMSHAFT TIMING,LH",Dikit,Rendah,Mahal,Critical,laris
479.0,12745-85FA0-000,"SPROCKET COMP,IDLER,NO.1",Sedang,Rendah,Mahal,Critical,tidak laris
480.0,12762-85FA0-000,"CHAIN COMP,TIMING 2ND,RH",Sedang,Tinggi,Mahal,Critical,laris
481.0,12774-85FA1-000,"GUIDE,TIMING CHAIN,NO.4",Sedang,Tinggi,Murah,Critical,laris
482.0,13119-77E00-000,"GASKET,INTAKE MANIFOLD",Banyak,Tinggi,Murah,Critical,laris
483.0,13122-67D00-000,"GASKET,COLLECTOR",Sedang,Tinggi,Murah,Critical,laris
484.0,13421-77E00-000,"GASKET,THROTTLE BODY",Sedang,Tinggi,Murah,Critical,laris
485.0,16760-85FA0-000,"CHAIN COMP,OIL PUMP DRIVE",Sedang,Tinggi,Murah,Critical,laris
486.0,17858-77E00-000,"HOSE,WATER HEAD,L",Banyak,Tinggi,Murah,Fast,laris
487.0,17871-67D20-000,"HOSE,HEATER INLET",Banyak,Tinggi,Murah,Fast,laris
488.0,18134-67D00-000,"GASKET,IAC VALVE",Sedang,Tinggi,Murah,Critical,laris
857.0,48541-82H10-000,"RING SET,O/P SEAL",Sedang,Rendah,Mahal,Critical,tidak laris
490.0,22931-52D10-000,"HOSE,OIL",Banyak,Tinggi,Murah,Fast,laris
491.0,24114-65DU0-000,"DISK SET,O/D BRAKE",Dikit,Rendah,Mahal,Critical,laris
492.0,24751-67D11-000,"CABLE ASSY,THROTTLE",Sedang,Rendah,Mahal,Critical,tidak laris
493.0,24771-65D00-000,"HOSE,BREATHER T/M",Banyak,Tinggi,Murah,Fast,laris
494.0,26522-52D10-000,"PLATE,SEPARATOR",Sedang,Rendah,Mahal,Critical,tidak laris
495.0,26587-57B00-000,"GASKET,LWR VALVE BODY PLATE",Sedang,Tinggi,Murah,Critical,laris
496.0,26591-57B00-000,"SOLENOID,T/M NO.1",Dikit,Rendah,Mahal,Critical,laris
497.0,26632-57BT1-000,"O-RING SET,DIRECT CL",Banyak,Tinggi,Murah,Fast,laris
498.0,29731-57BT0-000,"O-RING,FORWARD CL ACC PSTN",Banyak,Tinggi,Murah,Fast,laris
499.0,29742-65DT0-000,"O-RING SET,B2 BRAKE PISTON",Banyak,Tinggi,Murah,Fast,laris
500.0,29743-65DT0-000,"O-RING SET,B1 BRAKE PISTON",Banyak,Tinggi,Murah,Fast,laris
501.0,42110-52D00-000,"STOPPER,BUMP",Banyak,Rendah,Murah,Slow,tidak laris
502.0,43592-52D00-000,"SEAL,RR SHAFT OIL,INNER",Banyak,Tinggi,Murah,Fast,laris
503.0,49100-52D00-000,"PUMP ASSY,POWER STEERING",Dikit,Rendah,Mahal,Critical,laris
504.0,36210-60G01-R8H,"LAMP ASSY,ROOM",Sedang,Tinggi,Mahal,Slow,laris
505.0,36717-50J00-000,"COVER,FUSE BOX",Banyak,Tinggi,Murah,Slow,laris
506.0,38410-65D00-000,"PUMP ASSY,WASHER FRONT",Sedang,Tinggi,Mahal,Critical,laris
783.0,11710-80J10-000,"RELAY,TURN SIGNAL",Sedang,Rendah,Mahal,Critical,tidak laris
508.0,49225-65D10-000,"CLAMP,RETURN GEAR SIDE",Sedang,Rendah,Murah,Slow,laris
509.0,53711-52D00-000,"LINK ASSY,R",Sedang,Tinggi,Murah,Critical,laris
510.0,56310-52D00-000,"SENSOR,RR WHEEL",Dikit,Rendah,Mahal,Critical,laris
511.0,73430-50810-R8H,"LOCK ASSY,GLOVE BOX",Sedang,Rendah,Mahal,Slow,tidak laris
512.0,76411-50E00-R8H,GRIP ASSISTANT,Sedang,Rendah,Murah,Slow,laris
513.0,77842-65DA1-0PG,DECAL V6,Banyak,Rendah,Murah,Slow,tidak laris
514.0,82850-65D00-5PK,HANDLE BACK DOOR OUTER,Sedang,Rendah,Murah,Slow,laris
515.0,12610-77E12-000,"PULLEY,CRANKSHAFT",Dikit,Rendah,Mahal,Critical,laris
516.0,12630-57B01-000,"PULLEY,CRANK TIMING BELT",Sedang,Tinggi,Murah,Critical,laris
517.0,53200-76G31-000,"SHOE SET,BRAKE",Sedang,Rendah,Mahal,Critical,tidak laris
518.0,13881-66D00-000,"HOSE,AIR CLEANER,OUTLET",Sedang,Tinggi,Mahal,Fast,laris
519.0,17550-66D00-000,"PIPE,WATER INLET",Sedang,Tinggi,Mahal,Fast,laris
520.0,17841-66D00-000,"HOSE,RADIATOR INLET",Banyak,Tinggi,Murah,Fast,laris
521.0,17851-66D00-000,"HOSE,RADIATOR OUTLET",Banyak,Tinggi,Murah,Fast,laris
522.0,28136-65D01-000,BOOT GEAR SHT CONT LEVER NO.2,Banyak,Rendah,Murah,Slow,tidak laris
523.0,49230-65D00-000,"HOSE,PRESSURE,PUMP SIDE",Sedang,Tinggi,Mahal,Fast,laris
524.0,71811-55G01-799,RR BUMPER (PRIMARY),Dikit,Rendah,Mahal,Slow,tidak laris
525.0,73821-50J00-ZS4,GARNISH I/P CENTRE,Sedang,Tinggi,Mahal,Slow,laris
526.0,11400-65851-000,"GASKET SET,ENGINE",Sedang,Tinggi,Mahal,Critical,laris
527.0,38451-54G01-000,"CAP ASSY,TANK",Sedang,Rendah,Murah,Slow,laris
668.0,34810-65J00-000,"CHAIN,TIMING 1ST",Sedang,Rendah,Mahal,Critical,tidak laris
529.0,09283-45012-000,"SEAL,OIL,45X63X7.5",Banyak,Tinggi,Murah,Fast,laris
530.0,23211-85F01-000,"FORK,CLUTCH RELEASE",Banyak,Tinggi,Murah,Critical,laris
531.0,23850-67D01-000,"HOSE COMP,CLUTCH OIL",Banyak,Tinggi,Mahal,Fast,laris
532.0,37990-75F21-T01,"SWITCH ASSY,P/W MAIN(GRAY)",Dikit,Rendah,Mahal,Slow,tidak laris
533.0,71700-56811-5PK,BUMPER SET FR (BLK),Dikit,Rendah,Mahal,Slow,tidak laris
534.0,09460-01028-000,CLIP,Sedang,Tinggi,Murah,Slow,laris
535.0,09460-01029-000,CLIP,Sedang,Tinggi,Murah,Slow,laris
536.0,39312-78A00-000,"WIRE,NOISE SUUPPR",Dikit,Rendah,Murah,Slow,laris
537.0,45313-77A01-000,"WASHER,COMPRESSION ROD",Sedang,Tinggi,Murah,Critical,laris
538.0,11100-65G03-000,"HEAD ASSY,CYLINDER",Dikit,Rendah,Mahal,Critical,laris
539.0,42451-76G00-000,"BUSHING,STABILIZER BAR",Banyak,Tinggi,Murah,Critical,laris
540.0,11402-61862-000,"GASKET SET,ENGINE",Dikit,Rendah,Mahal,Critical,laris
541.0,11810-76A00-000,"MOUNTING COMP,REAR",Dikit,Rendah,Mahal,Critical,laris
542.0,12140-63E50-000,"RING SET,PISTON",Sedang,Tinggi,Mahal,Critical,laris
543.0,12140-63E50-050,"RING SET,PISTON,OS:0.50",Sedang,Tinggi,Mahal,Critical,laris
544.0,13880-76A30-000,"HOSE ASSY,AIR CLEANER OUTLET",Banyak,Tinggi,Murah,Fast,laris
545.0,17877-77A01-000,"HOSE,HEATER RETURN",Banyak,Tinggi,Murah,Fast,laris
546.0,14183-75FC0-000,"RING,EXHAUST PIPE SEAL",Sedang,Tinggi,Murah,Critical,laris
547.0,83830-77A00-000,WEATHERSTRIP RR DR OUT,Banyak,Rendah,Mahal,Slow,tidak laris
548.0,84611-79A01-000,MOLDING WINDSHIELD,Sedang,Tinggi,Mahal,Slow,laris
549.0,72382-54G01-000,"COVER, ENGINE UNDER",Banyak,Tinggi,Murah,Slow,laris
550.0,11620-54G02-000,"MOUNTING,ENG LH",Sedang,Rendah,Mahal,Critical,tidak laris
551.0,46300-59J00-000,"ROD ASSY,REAR CONTROL",Sedang,Tinggi,Mahal,Critical,laris
552.0,11630-60H00-000,"MOUNTING COMP,FR R",Dikit,Rendah,Mahal,Critical,laris
553.0,65730-80016-000,"PANEL,BODY SIDE UPPER",Sedang,Tinggi,Mahal,Slow,laris
554.0,23266-61J01-000,"ARM,CLUTCH RELEASE",Banyak,Tinggi,Murah,Critical,laris
555.0,37990-61J00-R8H,"SWITCH ASSY,P/W MAIN(BEIGE)",Dikit,Rendah,Mahal,Slow,tidak laris
556.0,38315-74G00-000,"COVER,RR WIPER HEAD",Sedang,Tinggi,Murah,Slow,laris
557.0,23260-77501-000,"SHAFT,CLUTCH RELEASE",Sedang,Tinggi,Murah,Critical,laris
558.0,14120-83003-000,"COVER,EXH MANF,UPPER",Sedang,Tinggi,Mahal,Slow,laris
559.0,35650-54G10-000,"LAMP UNIT,RR COMB RH",Dikit,Rendah,Mahal,Slow,tidak laris
560.0,35670-54G10-000,"LAMP UNIT,RR COMB LH",Dikit,Rendah,Mahal,Slow,tidak laris
561.0,72111-82CA0-38B,GRILLE FRONT,Sedang,Rendah,Mahal,Slow,tidak laris
562.0,33321-80C10-000,"CAP,DISTRIBUTOR",Sedang,Tinggi,Murah,Slow,laris
563.0,22400-64G80-000,"DISC,CLUTCH",Sedang,Rendah,Mahal,Critical,tidak laris
564.0,37400-70GC3-000,"SWITCH ASSY,COMB",Sedang,Rendah,Mahal,Slow,tidak laris
805.0,42431-80J00-000,"PINION,STEERING",Dikit,Rendah,Mahal,Critical,laris
566.0,48550-75F60-000,"PINION,STEERING,R",Dikit,Rendah,Mahal,Critical,laris
567.0,17580-65D11-000,"PIPE,WATER OUTLET",Banyak,Tinggi,Murah,Fast,laris
568.0,12100-85824-0A0,"BEARING SET,CONNROD",Sedang,Tinggi,Murah,Critical,laris
569.0,49130-61J00-000,"BRACKET COMP,PUMP MOUNT",Dikit,Rendah,Mahal,Slow,tidak laris
570.0,38310-82C50-000,"ARM ASSY,WIPER,R",Sedang,Rendah,Murah,Slow,laris
571.0,38102-50C01-000,"LINK ASSY,WIPER",Sedang,Rendah,Mahal,Critical,tidak laris
756.0,12100-85824-0B0,"PISTON SET,OS:0.50",Dikit,Rendah,Mahal,Critical,laris
573.0,14140-65D02-000,"GASKET,EXHAUST MANIFOLD",Sedang,Tinggi,Murah,Critical,laris
507.0,38610-84F21-000,"PISTON SET,STD",Sedang,Rendah,Mahal,Critical,tidak laris
575.0,22100-60J00-000,"COVER ASSY,CLUTCH",Sedang,Rendah,Mahal,Slow,tidak laris
576.0,11620-63J00-000,"MOUNTING,ENG LH",Sedang,Tinggi,Mahal,Critical,laris
577.0,17570-86G00-000,"CAP,WATER OUTLET",Sedang,Tinggi,Murah,Slow,laris
578.0,17700-63J00-000,RADIATOR ASSY (M/T),Dikit,Rendah,Mahal,Critical,laris
579.0,17852-63J00-000,"HOSE,RADIATOR INLET",Sedang,Rendah,Murah,Fast,laris
580.0,17871-63J00-000,"HOSE,HEATER INLET",Banyak,Tinggi,Murah,Fast,laris
581.0,42111-63J10-000,"STOPPER,FRONT BUMP",Dikit,Rendah,Murah,Slow,laris
744.0,09103-14025-000,"BUSHING,TRAILING ARM",Sedang,Rendah,Mahal,Critical,tidak laris
583.0,57420-63J00-000,"HINGE,FRONT HOOD,L",Sedang,Tinggi,Murah,Slow,laris
584.0,71751-63J10-5PK,"BEZEL,FRT FOG LAMP,R",Sedang,Tinggi,Murah,Slow,laris
585.0,71761-63J10-5PK,"BEZEL,FRT FOG LAMP LH",Sedang,Tinggi,Murah,Slow,laris
586.0,72321-63J10-000,"LINING,FR FENDER,R",Banyak,Tinggi,Mahal,Slow,tidak laris
587.0,72322-63J10-000,"LINING,FR FENDER,L",Banyak,Tinggi,Mahal,Slow,tidak laris
588.0,75511-63J00-000,"LINING,REAR FENDER, R",Sedang,Rendah,Mahal,Slow,tidak laris
589.0,75521-63J00-000,"LINING,REAR FENDER,L",Sedang,Tinggi,Mahal,Slow,laris
590.0,77831-63J10-0PG,EMBLEM SWIFT (CHROME),Sedang,Rendah,Murah,Slow,laris
591.0,17889-77EA1-000,"O RING,HTR PIPE",Banyak,Tinggi,Murah,Fast,laris
592.0,33410-77E22-000,"COIL ASSY,IGNITION",Dikit,Rendah,Mahal,Critical,laris
593.0,11518-63J01-000,"PLUG,OIL DRAIN,14X22",Banyak,Tinggi,Murah,Fast,laris
705.0,11189-65J00-000,"MOUNTING,ENG RR",Sedang,Rendah,Mahal,Critical,tidak laris
595.0,12100-85824-025,"BEARING SET,CONNROD,US:0.25",Sedang,Tinggi,Murah,Critical,laris
596.0,37480-62J20-000,"CABLE ASSY,CONTACT COIL",Sedang,Rendah,Mahal,Critical,tidak laris
597.0,65171-63J00-000,"BRACKET,ROOF CARRIER",Banyak,Tinggi,Murah,Slow,laris
598.0,12100-85824-0C0,"BEARING SET,CONNROD",Sedang,Tinggi,Murah,Critical,laris
599.0,12100-85824-0E0,"BEARING SET,CONNROD",Sedang,Rendah,Murah,Critical,laris
574.0,12100-54812-000,"MOUNTING,ENG RR",Sedang,Rendah,Mahal,Critical,tidak laris
601.0,12100-85824-0D0,"BEARING SET,CONNROD",Sedang,Tinggi,Murah,Critical,laris
602.0,26591-65D10-000,"SOLENOID ASSY,TRANSMISSION",Dikit,Rendah,Mahal,Critical,laris
603.0,26631-65DV0-000,"PLATE SET,DIRECT CL",Dikit,Rendah,Mahal,Critical,laris
604.0,73620-54J01-C48,"LOUVER,CENTER VENT,L",Sedang,Rendah,Murah,Slow,laris
605.0,12772-77E01-000,"GUIDE,TIMING CHAIN NO.2",Sedang,Tinggi,Murah,Critical,laris
606.0,11684-65J00-000,"CUSHION,MTG MEMBER LOWER",Sedang,Rendah,Murah,Slow,laris
607.0,11710-65J10-000,"MOUNTING COMP,ENG REAR",Sedang,Rendah,Mahal,Critical,tidak laris
608.0,11741-65J00-000,"BRACKET,ENG SPLASH COVER",Sedang,Rendah,Murah,Slow,laris
609.0,11851-65D01-000,"HOOK,ENGINE",Sedang,Tinggi,Murah,Critical,laris
661.0,27562-66J20-000,"RING SET,PISTON",Dikit,Tinggi,Mahal,Critical,laris
611.0,12163-59J00-000,"BOLT,CONNECTING ROD",Sedang,Tinggi,Murah,Critical,laris
612.0,12340-85FC0-0B0,"BEARING SET,CRANKSHAFT(STD)",Sedang,Rendah,Murah,Critical,laris
677.0,11141-77E02-000,"BEARING SET,CRANKSHAFT(STD)",Sedang,Tinggi,Murah,Critical,laris
631.0,16520-65J00-000,"BEARING SET,CRANKSHAFT(STD)",Sedang,Tinggi,Murah,Critical,laris
615.0,12610-62G12-000,"PULLEY,CRANKSHAFT",Dikit,Rendah,Mahal,Critical,laris
616.0,12710-65J00-000,"CAMSHAFT,INTK",Sedang,Rendah,Mahal,Critical,tidak laris
642.0,17813-54G01-000,"RETAINER,VALVE SPRING",Sedang,Tinggi,Murah,Critical,laris
618.0,13110-65J01-000,"MANIFOLD,INTAKE",Dikit,Rendah,Mahal,Critical,laris
619.0,13119-65J00-000,"GASKET,INTAKE MANIFOLD",Sedang,Tinggi,Murah,Critical,laris
620.0,13175-65J00-000,"BRACKET,ENGINE COVER",Sedang,Rendah,Murah,Slow,laris
600.0,11710-63J30-000,"GASKET,THROTTLE BODY",Sedang,Tinggi,Murah,Critical,laris
622.0,13491-65J00-000,"HOSE,THROT BODY INLET NO.2",Banyak,Tinggi,Murah,Fast,laris
623.0,13700-65J00-000,"CLEANER ASSY,AIR",Banyak,Tinggi,Mahal,Fast,laris
624.0,13881-65J00-000,"HOSE,AIR CLEANER OUTLET",Banyak,Tinggi,Murah,Fast,laris
625.0,14120-65J00-000,"COVER,EXH MANF",Banyak,Tinggi,Mahal,Slow,tidak laris
626.0,15112-65J00-000,"PIPE,FUEL SUCTION",Sedang,Rendah,Murah,Fast,laris
627.0,15195-65J00-000,"FILTER,FUEL SUCTION",Banyak,Tinggi,Murah,Fast,laris
628.0,22920-65J11-000,"PIPE COMP,OIL",Banyak,Tinggi,Murah,Fast,laris
629.0,22933-64J30-000,"HOSE,OIL NO.3",Banyak,Tinggi,Murah,Fast,laris
630.0,22934-64J30-000,"HOSE,OIL NO.4",Sedang,Tinggi,Murah,Fast,laris
766.0,14281-65J11-000,"STRAINER,OIL PUMP",Sedang,Rendah,Mahal,Critical,tidak laris
739.0,12300-85860-0BA,"FAN,COOLING (5 BLADES)",Banyak,Rendah,Mahal,Critical,tidak laris
633.0,17111-65J10-000,"FAN,COOLING (7 BLADES)",Sedang,Tinggi,Mahal,Critical,laris
634.0,17120-65J00-000,"MOTOR ASSY,FAN MAIN",Dikit,Rendah,Mahal,Critical,laris
635.0,17120-65J10-000,"MOTOR ASSY,FAN SUB",Dikit,Rendah,Mahal,Critical,laris
636.0,17570-65J00-000,"CAP,WTR OUTLET",Dikit,Tinggi,Mahal,Slow,laris
637.0,17580-65J00-000,"PIPE,WTR OUTLET",Sedang,Rendah,Murah,Fast,laris
638.0,17590-65J00-000,"PIPE COMP,WTR BYP",Sedang,Tinggi,Murah,Fast,laris
639.0,17611-65J00-000,"O RING,WATER PUMP",Banyak,Tinggi,Murah,Fast,laris
640.0,17700-65J10-000,RADIATOR ASSY (A/T),Dikit,Rendah,Mahal,Critical,laris
641.0,17760-65J00-000,SHROUD ASSY,Dikit,Rendah,Mahal,Slow,tidak laris
768.0,53810-76G00-000,"MOUNT,LOWER",Sedang,Tinggi,Murah,Critical,laris
643.0,17841-65J00-000,"HOSE,RADIATOR INLET",Banyak,Tinggi,Murah,Fast,laris
644.0,17842-64J00-000,"HOSE,RDTR INLET NO.2",Banyak,Tinggi,Murah,Fast,laris
645.0,17851-65J00-000,"HOSE,RADIATOR OUTLET",Banyak,Tinggi,Murah,Fast,laris
646.0,17859-65J00-000,"HOSE,WTR BYPASS",Banyak,Rendah,Murah,Fast,laris
647.0,17871-65J00-000,"HOSE,HEATER INLET",Banyak,Tinggi,Murah,Fast,laris
648.0,17872-65J00-000,"HOSE,HEATER OUTLET",Banyak,Tinggi,Murah,Fast,laris
649.0,17880-65J00-000,"PIPE,HTR OUTLET",Banyak,Tinggi,Mahal,Fast,laris
650.0,17910-65J00-000,"NECK ASSY,WTR FILLER",Sedang,Tinggi,Murah,Critical,laris
651.0,17931-65J00-000,"TANK,WATER RESERVE",Sedang,Tinggi,Murah,Fast,laris
652.0,17938-65J00-000,"HOSE,RDTR TO RSV TANK",Sedang,Tinggi,Murah,Fast,laris
653.0,24151-64J00-000,"SEAL,PUMP",Banyak,Tinggi,Murah,Fast,laris
654.0,22950-65J10-000,"GAUGE COMP,OIL",Sedang,Tinggi,Murah,Critical,laris
655.0,23820-64J00-000,"CYLINDER ASSY,CLUTCH OPERATING",Sedang,Rendah,Mahal,Critical,tidak laris
656.0,23830-65J60-000,"PIPE,CLUTCH OIL NO.2",Banyak,Tinggi,Murah,Fast,laris
657.0,23881-64J20-000,"HOSE,CLUTCH RESERVOIR",Banyak,Tinggi,Murah,Fast,laris
658.0,24241-84A00-000,"GEAR,INPUT SHAFT 4TH",Sedang,Tinggi,Mahal,Critical,laris
659.0,24420-84A01-000,"HUB ASSY,5TH SPEED SYNC",Dikit,Rendah,Mahal,Critical,laris
660.0,25510-64J00-000,"SHAFT,GEAR SHIFT",Sedang,Tinggi,Murah,Critical,laris
866.0,53401-76G02-000,"MOUNTING COMP,RR DIFF FR",Sedang,Rendah,Mahal,Critical,tidak laris
784.0,11720-80JA0-000,"BUSH,GR SHF CONTROL JOINT",Sedang,Tinggi,Murah,Critical,laris
663.0,29283-66J00-000,"SEAL,INPUT GEAR",Banyak,Tinggi,Murah,Fast,laris
664.0,29283-66J10-000,"SEAL,REAR OUTPUT SHAFT",Banyak,Tinggi,Murah,Fast,laris
665.0,32810-65J00-000,"SENSOR ASSY,CURRENT",Sedang,Tinggi,Mahal,Critical,laris
666.0,33220-77E00-000,"SENSOR,CRANK POSITION",Dikit,Rendah,Mahal,Critical,laris
667.0,33970-65J00-000,"CONTROLLER ASSY,IMM(W/ILLUMI)",Dikit,Rendah,Mahal,Critical,laris
348.0,12140-86FA0-050,"GAUGE ASSY,FUEL LEVEL",Dikit,Rendah,Mahal,Critical,laris
489.0,22860-57BT0-000,"GAUGE ASSY,FUEL LEVEL",Sedang,Rendah,Mahal,Critical,tidak laris
670.0,35120-65J41-000,"UNIT,HEADLAMP RH",Dikit,Rendah,Mahal,Critical,laris
671.0,37172-64J10-000,"SWITCH, KEYLESS START",Sedang,Tinggi,Mahal,Critical,laris
672.0,09471-12208-000,"BULB,12V35W/D2S",Dikit,Rendah,Mahal,Fast,tidak laris
924.0,16559-78K00-000,"BUSHING,SPNSN ARM FRONT",Sedang,Tinggi,Murah,Critical,laris
435.0,12140-54G00-000,"BUSH,RR SPNSN LATERAL LINK",Sedang,Tinggi,Murah,Critical,laris
675.0,46431-65J00-000,"BOLT,RR SPNSN CONT ROD INNER",Sedang,Tinggi,Murah,Critical,laris
669.0,34810-65J10-000,"BUSH,REAR SPNSN FRAME",Sedang,Rendah,Mahal,Critical,tidak laris
662.0,28152-84A00-000,"GASKET,CYLINDER HEAD",Sedang,Rendah,Mahal,Critical,tidak laris
678.0,46333-65J00-000,"WASHER,RR SPNSN CONT ROD",Sedang,Tinggi,Murah,Critical,laris
679.0,46371-65J00-000,"BUSH,RR SPNSN TRAILING ROD",Banyak,Tinggi,Murah,Critical,laris
680.0,37460-64J00-ZCP,"SWITCH ASSY,AUDIO CONTROL(GRAY",Dikit,Rendah,Mahal,Slow,tidak laris
681.0,37990-64J90-000,"SWITCH ASSY,POWER WINDOW MA",Sedang,Rendah,Mahal,Slow,tidak laris
682.0,38450-65J00-000,"TANK ASSY,WASHER",Sedang,Tinggi,Murah,Slow,laris
683.0,38452-65J00-000,"CAP,WASHER TANK",Sedang,Rendah,Murah,Slow,laris
684.0,38480-65J00-000,"NOZZLE,WASHER",Banyak,Tinggi,Murah,Fast,laris
685.0,38491-66J00-000,"HOSE,WASHER (L:2000)",Banyak,Tinggi,Murah,Fast,laris
686.0,38640-65J00-000,"SENSOR ASSY,FR HEIGHT",Sedang,Rendah,Mahal,Critical,tidak laris
687.0,41211-65J00-000,"SEAT,COIL SPRING RUBBER UPPER",Banyak,Tinggi,Murah,Critical,laris
688.0,41230-65J00-000,"SEAT,COIL SPRING UPPER",Sedang,Tinggi,Murah,Critical,laris
689.0,41341-65J00-000,"SEAT,COIL SPRING RUBBER",Sedang,Tinggi,Murah,Critical,laris
690.0,42111-65J00-000,"STOPPER,BUMP",Sedang,Rendah,Murah,Slow,laris
691.0,43511-65J00-000,"DRUM,REAR BRAKE",Dikit,Rendah,Mahal,Critical,laris
692.0,45111-65J00-000,"KNUCKLE,STEERING,R",Dikit,Rendah,Mahal,Critical,laris
693.0,45151-65J00-000,"KNUCKLE,STEERING,L",Dikit,Rendah,Mahal,Critical,laris
694.0,51300-65J00-000,"BOOSTER ASSY,BRAKE MASTER",Dikit,Rendah,Mahal,Critical,laris
695.0,55191-65J00-000,MAIN SLIDE PIN,Sedang,Tinggi,Murah,Critical,laris
748.0,12340-85FC0-0A0,SLIDE PIN SET,Sedang,Tinggi,Murah,Critical,laris
886.0,11720-80JB0-000,"BOOT,PIN",Sedang,Rendah,Murah,Critical,laris
828.0,09262-28041-000,"BOLT,PIN",Banyak,Tinggi,Murah,Critical,laris
699.0,55234-50J00-000,"LINER-A,PAD",Sedang,Rendah,Murah,Slow,laris
700.0,55235-50J00-000,"LINER-B,PAD",Sedang,Rendah,Murah,Slow,laris
701.0,57610-65J10-000,"PANEL,FRONT FENDER,R (WITH TURN SIGNAL)",Dikit,Rendah,Mahal,Slow,tidak laris
702.0,73610-54J01-C48,"LOUVER CENTER VENT,R",Sedang,Tinggi,Murah,Slow,laris
703.0,09283-44015-000,"SEAL,OIL,44X60X9.5",Banyak,Tinggi,Murah,Fast,laris
704.0,11100-65J01-000,"HEAD ASSY,CYLINDER",Dikit,Rendah,Mahal,Critical,laris
1.0,36840-76K01-000,"GASKET,CYLINDER HEAD COVER",Sedang,Tinggi,Murah,Critical,laris
706.0,11192-65J00-000,"HOSE,PCV",Banyak,Tinggi,Murah,Fast,laris
707.0,83719-65J00-000,"WEATHERSTRIP,FR DR INNER,R",Sedang,Tinggi,Mahal,Slow,laris
708.0,83729-65J00-000,"WEATHERSTRIP,FR DR INNER,L",Banyak,Tinggi,Mahal,Slow,tidak laris
709.0,83739-65J00-000,"WEATHERSTRIP,RR DR INNER,R",Sedang,Tinggi,Murah,Slow,laris
710.0,83749-65J00-000,"WEATHERSTRIP,RR DR INNER,L",Sedang,Rendah,Murah,Slow,laris
711.0,83811-65J00-000,"WEATHERSTRIP,FR DR OUT,R",Banyak,Rendah,Murah,Slow,tidak laris
712.0,83821-65J00-000,"WEATHERSTRIP,FR DR OUT,L",Dikit,Rendah,Murah,Slow,laris
713.0,83831-65J00-000,"WEATHERSTRIP,RR DR OUT,R",Sedang,Rendah,Murah,Slow,laris
714.0,83841-65J00-000,"WEATHERSTRIP,RR DR OUT,L",Dikit,Rendah,Murah,Slow,laris
715.0,83900-76820-000,"KEY ASSY,SPARE TIRE NUT LOCK",Sedang,Rendah,Mahal,Slow,tidak laris
716.0,84645-65J00-000,"WEATHERSTRIP,RR DR CTR PLR,R",Sedang,Rendah,Murah,Slow,laris
717.0,84651-65J00-000,"WEATHERSTRIP,FR DR OPNG,L",Dikit,Rendah,Mahal,Slow,tidak laris
718.0,84661-65J00-000,"WEATHERSTRIP,RR DR OPNG,R",Sedang,Rendah,Mahal,Slow,tidak laris
719.0,84671-65J00-000,"WEATHERSTRIP,RR DR OPNG,L",Dikit,Rendah,Mahal,Slow,tidak laris
720.0,84681-65J00-000,"WEATHERSTRIP,BACK DR OPNG",Sedang,Rendah,Mahal,Slow,tidak laris
721.0,77641-65J00-5PK,"MOLDING,ROOF DRIP FRT,,L (BLACK)",Sedang,Rendah,Murah,Slow,laris
722.0,77641-65J11-5PK,"MOLDING,ROOF DRIP FRT,L (BLACK)",Dikit,Rendah,Murah,Slow,laris
723.0,78219-65J10-5PK,"CAP,ROOF RAIL",Sedang,Rendah,Murah,Slow,laris
724.0,82510-65J50-000,"LATCH ASSY,BACK DOOR",Dikit,Tinggi,Mahal,Critical,laris
725.0,69310-65J00-000,"HINGE, FR DOOR 1",Banyak,Rendah,Murah,Slow,tidak laris
726.0,71711-65J61-799,BUMPER FRONT,Dikit,Rendah,Mahal,Slow,tidak laris
727.0,71830-65J00-000,"HOLDER COMP, RR BUMPER NO.1",Sedang,Rendah,Murah,Slow,laris
728.0,72481-65J00-000,"LINING, FR FENDER, R",Sedang,Rendah,Mahal,Slow,tidak laris
729.0,72482-65J00-000,"LINING FENDER, L",Dikit,Rendah,Mahal,Slow,tidak laris
613.0,12340-85FC0-0C0,"PAD, FR FENDER RR",Sedang,Tinggi,Murah,Critical,laris
731.0,75521-65J00-000,"LINING,RR WHEEL HSG,R",Dikit,Rendah,Mahal,Slow,tidak laris
732.0,77541-65J00-5PK,"MOLDING,ROOF DRIP FRT,R (BLACK)",Banyak,Rendah,Murah,Slow,tidak laris
733.0,77541-65J11-5PK,"MOLDING,ROOF DRIP FRT,R (BLACK)",Banyak,Tinggi,Murah,Slow,laris
734.0,77543-65J00-5PK,"MOLDING,ROOF DRIP REAR,R (BLACK)",Banyak,Tinggi,Mahal,Slow,tidak laris
735.0,35320-65J41-000,"UNIT,HEADLAMP LH",Sedang,Tinggi,Mahal,Critical,laris
736.0,11400-65892-000,"GASKET SET,ENGINE",Sedang,Tinggi,Mahal,Critical,laris
676.0,46911-65J00-000,"RING SET,PISTON,OS:0.50",Banyak,Rendah,Mahal,Critical,tidak laris
738.0,12300-85860-0AA,"BEARING SET,CRANKSHAFT(US)",Banyak,Tinggi,Murah,Critical,laris
621.0,13421-65J00-000,"BEARING SET,CRANKSHAFT(US)",Sedang,Tinggi,Murah,Critical,laris
920.0,11320-78K00-000,"BEARING SET,CRANKSHAFT(US)",Sedang,Tinggi,Murah,Critical,laris
741.0,12300-85860-0DA,"BEARING SET,CRANKSHAFT(US)",Sedang,Tinggi,Murah,Critical,laris
742.0,12300-85860-0EA,"BEARING SET,CRANKSHAFT(US)",Sedang,Tinggi,Murah,Critical,laris
743.0,37145-63J01-000,"KEY,BLANK",Sedang,Rendah,Murah,Slow,laris
696.0,55192-50J00-000,"BOLT,14X60",Sedang,Tinggi,Murah,Critical,laris
745.0,09159-10117-000,NUT,Banyak,Tinggi,Murah,Fast,laris
746.0,09159-14028-000,NUT,Banyak,Tinggi,Murah,Fast,laris
747.0,09159-14030-000,NUT,Banyak,Tinggi,Murah,Fast,laris
915.0,46331-65J01-000,"BEARING SET,CRANKSHAFT(STD)",Sedang,Tinggi,Murah,Critical,laris
614.0,12340-85FC0-0D0,"BEARING SET,CRANKSHAFT(STD)",Banyak,Tinggi,Murah,Critical,laris
750.0,12340-85FC0-C0D,"BEARING SET,CRANKSHAFT(STD)",Sedang,Tinggi,Murah,Critical,laris
751.0,12340-85FC0-D0E,"BEARING SET,CRANKSHAFT(STD)",Banyak,Tinggi,Murah,Critical,laris
752.0,17700-65J00-000,RADIATOR ASSY (M/T),Dikit,Rendah,Mahal,Critical,laris
740.0,12300-85860-0CA,"TANK ASSY,POWER STEERING OIL",Banyak,Rendah,Mahal,Critical,tidak laris
754.0,49214-65J00-000,"HOSE,SUCTION",Sedang,Tinggi,Murah,Fast,laris
755.0,49230-65J00-000,"HOSE COMP,PRESSURE",Dikit,Rendah,Mahal,Fast,tidak laris
730.0,72492-65J00-000,"BEARING SET,CONNROD",Sedang,Tinggi,Murah,Critical,laris
757.0,12220-65J01-000,CRANKSHAFT,Dikit,Rendah,Mahal,Critical,laris
758.0,17852-65D00-000,"HOSE,WTR BYPASS NO.2",Banyak,Tinggi,Murah,Fast,laris
759.0,28210-65J11-000,"CABLE ASSY,SELECT",Sedang,Tinggi,Mahal,Critical,laris
760.0,37720-65J10-000,"SWITCH ASSY,SHIFT",Dikit,Rendah,Mahal,Slow,tidak laris
761.0,48525-65J00-000,"BUSHING,STEERING MOUNT",Sedang,Tinggi,Murah,Critical,laris
762.0,48830-65J00-000,"TIE-ROD,STEERING",Sedang,Tinggi,Mahal,Critical,laris
763.0,84611-65J00-000,"MOLDING,WINDSHIELD",Sedang,Rendah,Mahal,Slow,tidak laris
764.0,84641-65J00-000,"WEATHERSTRIP,FT DR OPNG,R",Sedang,Tinggi,Mahal,Slow,laris
765.0,35261-65J00-000,BALLAST ASSY,Dikit,Rendah,Mahal,Slow,tidak laris
673.0,45261-65J00-000,"MOUNTING,MUFFLER",Sedang,Rendah,Murah,Critical,laris
767.0,83961-65J00-000,CARRIER SPARETIRE,Dikit,Rendah,Mahal,Slow,tidak laris
953.0,11141-73K01-000,PISTON CUP/BOOT SET,Sedang,Tinggi,Mahal,Critical,laris
769.0,15100-8000V-XNA,"PUMP ASSY,FUEL",Dikit,Rendah,Mahal,Critical,laris
770.0,35670-65J21-000,"LAMP UNIT,RR COMBINATION LH",Dikit,Rendah,Mahal,Slow,tidak laris
771.0,17140-77E07-000,"PULLEY COMP,COOLING FAN",Sedang,Rendah,Mahal,Critical,tidak laris
772.0,35650-65J21-000,"LAMP UNIT,RR COMBINATION RH",Dikit,Rendah,Mahal,Slow,tidak laris
773.0,35121-83021-000,"UNIT,LAMP",Sedang,Rendah,Mahal,Critical,tidak laris
774.0,35650-80JA0-000,"UNIT,RR COMBINATION RH",Dikit,Rendah,Mahal,Critical,laris
775.0,35670-80JA0-000,"UNIT,RR COMBINATION LH",Dikit,Rendah,Mahal,Critical,laris
776.0,15100-60AV1-000,"PUMP ASSY,FUEL",Sedang,Tinggi,Mahal,Critical,laris
777.0,51100-8076V-000,"CYLINDER ASSY,BRAKE MASTER",Dikit,Rendah,Mahal,Critical,laris
778.0,11400-65865-000,"GASKET SET,ENGINE",Dikit,Rendah,Mahal,Critical,laris
779.0,11610-80JA0-000,"MOUNTING COMP,ENGINE RH",Sedang,Tinggi,Mahal,Critical,laris
993.0,23820-65D01-000,"MOUNTING COMP,ENGINE LH",Banyak,Rendah,Mahal,Critical,tidak laris
781.0,11641-79J00-000,"BRACKET,ENG RH MTG",Banyak,Tinggi,Mahal,Slow,tidak laris
782.0,11710-80J00-000,"MOUNTING COMP,ENGINE RR",Banyak,Tinggi,Mahal,Critical,laris
594.0,11710-63J20-000,"MOUNTING COMP,ENGINE RR",Dikit,Rendah,Mahal,Critical,laris
528.0,12761-77E11-000,"MOUNTING COMP,ENGINE FR",Sedang,Rendah,Mahal,Critical,tidak laris
785.0,13400-80JA0-000,"BODY ASSY,THROTTLE",Dikit,Rendah,Mahal,Critical,laris
786.0,14185-80J00-000,"CLAMP,EXH PIPE",Sedang,Rendah,Murah,Slow,laris
787.0,14250-80JB2-000,"PIPE,EXHAUST CENTER",Dikit,Rendah,Mahal,Fast,tidak laris
788.0,14300-80J00-000,MUFFLER,Sedang,Tinggi,Mahal,Critical,laris
789.0,17700-80JA0-000,RADIATOR ASSY (A/T),Dikit,Rendah,Mahal,Critical,laris
790.0,17700-80JB0-000,RADIATOR ASSY (M/T),Dikit,Rendah,Mahal,Critical,laris
791.0,17830-55GA0-000,"PIPE,HEATER INLET",Banyak,Tinggi,Murah,Fast,laris
792.0,17840-55GA0-000,"PIPE,WATER INLET NO.1",Banyak,Tinggi,Murah,Fast,laris
793.0,17860-80JA0-000,"PIPE COMP,WTR INLET N0.2",Banyak,Tinggi,Murah,Fast,laris
794.0,17875-55GA0-000,"HOSE,HEATER INLET NO.2",Banyak,Tinggi,Murah,Fast,laris
795.0,17936-80JA0-000,"HOSE,RSVR TANK VENT",Banyak,Tinggi,Murah,Fast,laris
796.0,22100-80J21-000,"COVER ASSY,CLUTCH",Dikit,Rendah,Mahal,Slow,tidak laris
797.0,23820-79J00-000,"CYLINDER ASSY,CLUTCH OPERATING",Sedang,Rendah,Mahal,Critical,tidak laris
807.0,48534-79J00-000,"JOINT,CLUTCH OIL",Sedang,Rendah,Murah,Critical,laris
799.0,23800-54810-000,PISTON SET,Sedang,Tinggi,Murah,Critical,laris
800.0,28300-80J00-000,"CABLE ASSY,SHIFT & SELECT CONT",Dikit,Rendah,Mahal,Critical,laris
801.0,29365-73J00-000,"CLIP,GEAR CONT CABLE NO.2",Sedang,Tinggi,Murah,Slow,laris
802.0,41602-80J01-000,"STRUT ASSY,FRONT SPNSN,L",Dikit,Rendah,Mahal,Critical,laris
803.0,41710-80J00-000,"SUPPORT COMP,FRONT STRUT",Sedang,Tinggi,Mahal,Critical,laris
804.0,42111-80J00-000,"STOPPER,FRONT BUMP",Sedang,Tinggi,Murah,Slow,laris
460.0,27831-54G00-000,"MOUNT,STABILIZER BAR",Sedang,Rendah,Murah,Critical,laris
806.0,45111-80J52-000,"KNUCKLE,STEERING,R",Dikit,Rendah,Mahal,Critical,laris
674.0,46122-65J00-000,"PLUNGER,STEERING RACK",Sedang,Rendah,Mahal,Critical,tidak laris
808.0,38480-80J00-000,"NOZZLE COMP,WASHER",Banyak,Tinggi,Murah,Fast,laris
809.0,41601-80J01-000,"STRUT ASSY,FRONT SPNSN,R",Dikit,Rendah,Mahal,Critical,laris
810.0,55192-80J00-000,PIN-B ASSY,Banyak,Tinggi,Murah,Critical,laris
811.0,55321-80J00-000,"COVER,BRAKE DISC DUST",Sedang,Tinggi,Murah,Slow,laris
812.0,57300-80810-000,"PANEL SET,FRONT HOOD",Dikit,Rendah,Mahal,Slow,tidak laris
813.0,58120-80J00-000,"BRACE COMP,LAMP SUPPORT,L",Banyak,Tinggi,Murah,Slow,laris
814.0,58230-79J00-000,"MEMBER COMP,HOOD LOCK",Dikit,Rendah,Mahal,Slow,tidak laris
815.0,58240-80J00-000,"BRACE COMP,HOOD LOCK",Banyak,Tinggi,Murah,Slow,laris
816.0,72321-80J00-000,LINNING FRONT FENDER R,Banyak,Tinggi,Mahal,Slow,tidak laris
817.0,72322-80J00-000,"LINNING,FRONT FENDER L",Sedang,Tinggi,Mahal,Slow,laris
818.0,72390-80J00-000,"COVER ASSY,ENGINE UNDER R",Sedang,Tinggi,Mahal,Slow,laris
819.0,73310-80J00-P4Z,"PANEL COMP,INSTRUMENT CLUSTER",Sedang,Rendah,Mahal,Slow,tidak laris
820.0,73610-80J00-FC6,"LOUVER COMP,CTR VENT",Sedang,Tinggi,Mahal,Slow,laris
821.0,77212-80J00-5PK,"PROTECTOR,FR SPLASH R (BLACK)",Sedang,Tinggi,Murah,Slow,laris
822.0,78216-80J00-5PK,"CAP,ROOF RAIL FR,R",Sedang,Tinggi,Murah,Slow,laris
823.0,78217-80J00-5PK,"CAP,ROOF RAIL RR,R",Sedang,Tinggi,Murah,Slow,laris
824.0,78220-80J00-N1V,"RAIL COMP,ROOF L",Sedang,Rendah,Mahal,Slow,tidak laris
825.0,78226-80J00-5PK,"CAP,ROOF RAIL FR,L",Sedang,Rendah,Murah,Slow,laris
826.0,78227-80J00-5PK,"CAP,ROOF RAIL RR,L",Banyak,Tinggi,Murah,Slow,laris
827.0,82110-79J00-000,"LATCH COMP,HOOD",Sedang,Tinggi,Mahal,Critical,laris
988.0,46221-80J01-000,"BEARING,28X58X16",Sedang,Tinggi,Murah,Critical,laris
829.0,88910-80J00-P8G,"SHELF COMP,RR PARCEL",Dikit,Rendah,Mahal,Slow,tidak laris
879.0,11610-75F50-000,SENSOR,Sedang,Tinggi,Murah,Critical,laris
831.0,95710-80J00-000,"HOSE,SUCTION",Sedang,Tinggi,Mahal,Fast,laris
832.0,95720-80J00-000,"HOSE,DISCHARGE",Sedang,Tinggi,Mahal,Fast,laris
833.0,95860-80J00-000,FILTER COMP,Banyak,Tinggi,Murah,Fast,laris
834.0,71760-80J00-5PK,"EXTENSION,FR BUMPER CTR(BLACK)",Dikit,Rendah,Mahal,Slow,tidak laris
835.0,82831-63J20-000,"FRAME S/COMP,REAR DOOR OUT R",Sedang,Tinggi,Mahal,Critical,laris
836.0,83811-80J00-000,"WEATHERSTRIP,FR DOOR OUT R",Sedang,Rendah,Murah,Slow,laris
837.0,83821-80J00-000,"WEATERSTRIP,FR DOOR OUT L",Dikit,Rendah,Murah,Slow,laris
838.0,83831-80J00-000,"WEATERSTRIP,REAR DOOR OUT R",Sedang,Rendah,Murah,Slow,laris
839.0,83841-80J00-000,"WEATERSTRIP,REAR DOOR OUT L",Sedang,Rendah,Murah,Slow,laris
840.0,83970-79J10-000,"GARNISH COMP,RR DR RR OUTER R",Sedang,Tinggi,Murah,Slow,laris
841.0,84592-80J00-000,"GARNISH,QTR WINDOW GLASS L",Sedang,Tinggi,Murah,Slow,laris
842.0,84730-80J00-000,"MIRROR COMP,OUT REAR VIEW R",Sedang,Rendah,Murah,Slow,laris
843.0,84740-80J00-000,"MIRROR COMP,OUT REAR VIEW L",Sedang,Tinggi,Murah,Slow,laris
844.0,45151-80J52-000,"KNUCKLE,STEERING,L",Dikit,Rendah,Mahal,Critical,laris
845.0,95200-63JA1-000,COMPRESSOR ASSY,Dikit,Rendah,Mahal,Critical,laris
846.0,77330-80J00-000,"OUTLET,VENTILATOR",Sedang,Rendah,Murah,Slow,laris
847.0,78210-80J00-N1V,"RAIL COMP,ROOF,R",Dikit,Rendah,Mahal,Slow,tidak laris
848.0,44102-54G51-000,"SHAFT ASSY,FRONT DRIVE,L",Dikit,Rendah,Mahal,Critical,laris
849.0,24111-65J01-000,"SHAFT,TRANSMISSION INPUT",Dikit,Rendah,Mahal,Critical,laris
850.0,28300-54G4V-000,"CABLE ASSY,SHF & SELECT CONT",Dikit,Rendah,Mahal,Critical,laris
851.0,89300-61881-000,"CAP SET,FUEL FILLER",Sedang,Tinggi,Mahal,Slow,laris
852.0,15100-8081V-000,DIAPHRAGM SET,Sedang,Tinggi,Murah,Critical,laris
853.0,72410-65J01-000,"GARNISH COMP,FRT HOOD, R",Banyak,Tinggi,Murah,Slow,laris
854.0,38821-65J00-000,"ARM ASSY,RR WIPER",Banyak,Tinggi,Murah,Slow,laris
855.0,72420-65J01-000,"GARNISH,FRT HOOD, L",Dikit,Rendah,Murah,Slow,laris
856.0,12841-60A30-000,"ARM,VALVE ROCKER",Sedang,Tinggi,Murah,Critical,laris
697.0,55201-50J00-000,"BUSHING,STEERING RACK",Dikit,Tinggi,Murah,Critical,laris
858.0,75511-56K00-000,"LINING, RR FENDER, R",Dikit,Rendah,Mahal,Slow,tidak laris
859.0,17700-66D02-000,RADIATOR ASSY,Dikit,Rendah,Mahal,Critical,laris
860.0,35650-73K00-000,"LAMP UNIT,RR COMB RH",Sedang,Rendah,Mahal,Slow,tidak laris
861.0,35670-73K00-000,"LAMP UNIT,RR COMB LH",Dikit,Rendah,Mahal,Slow,tidak laris
862.0,71741-73K00-5PK,"GRILLE, RADIATOR (TYPE 3)",Sedang,Tinggi,Mahal,Slow,laris
863.0,71821-73K10-000,"HOLDER, RR BUMPER SIDE RH (TYPE 3)",Dikit,Rendah,Murah,Slow,laris
864.0,71822-73K10-000,"HOLDER, RR BUMPER SIDE LH (TYPE 3)",Sedang,Rendah,Murah,Slow,laris
865.0,73821-80J00-5PK,GARNISH CENTER,Dikit,Rendah,Murah,Slow,laris
798.0,23856-79J00-000,"CYLINDER ASSY,REAR WHEEL",Sedang,Rendah,Mahal,Critical,tidak laris
867.0,15100-63840-000,"PUMP ASSY,FUEL",Dikit,Rendah,Mahal,Critical,laris
868.0,71100-80J01-000,"CROSSMEMBER, FRONT LOWER",Dikit,Rendah,Mahal,Critical,laris
869.0,29344-65D01-5PK,"KNOB,T/F GEAR SHF CONT",Sedang,Rendah,Murah,Slow,laris
870.0,16920-8001V-000,"CAP,OIL FILLER",Sedang,Tinggi,Murah,Slow,laris
871.0,36210-85060-4GF,"LAMP ASSY,ROOM",Dikit,Rendah,Mahal,Slow,tidak laris
872.0,12745-77E01-000,"SPROCKET COMP,IDLER",Dikit,Rendah,Mahal,Critical,laris
873.0,83851-80J10-000,"WEATERSTRIP,FR DR INR R",Sedang,Rendah,Murah,Slow,laris
874.0,83861-80J10-000,"WEATERSTRIP,FR DR INR L",Banyak,Tinggi,Murah,Slow,laris
875.0,15430-53F50-000,"SUB FILTER,FUEL",Banyak,Tinggi,Murah,Fast,laris
876.0,77181-63J20-0CE,"GARNISH, FRONT PILLAR, R",Sedang,Tinggi,Murah,Slow,laris
877.0,71750-65J03-000,"SKIRT COMP, FR AIR DAM",Sedang,Tinggi,Mahal,Slow,laris
878.0,41800-63J02-000,"ABSORBER ASSY,REAR SHOCK",Dikit,Rendah,Mahal,Critical,laris
910.0,78488-8000V-000,"MOUNTING,ENG FR",Sedang,Rendah,Murah,Critical,laris
880.0,89101-60K10-000,TANK ASSY FUEL,Sedang,Tinggi,Mahal,Critical,laris
881.0,37990-80J00-000,"SWITCH ASSY,POWER WINDOW MA",Dikit,Rendah,Mahal,Slow,tidak laris
882.0,84572-75K00-000,"MOLDING,BACK WINDOW",Sedang,Tinggi,Murah,Slow,laris
883.0,72391-63J10-000,"COVER,ENGINE UNDER RH",Sedang,Rendah,Mahal,Slow,tidak laris
884.0,22800-65D11-000,"PUMP ASSY,OIL",Dikit,Rendah,Mahal,Critical,laris
885.0,11610-80JB0-000,"MOUNTING,ENG RH",Sedang,Rendah,Mahal,Critical,tidak laris
983.0,41710-71L01-000,"MOUNTING,ENG FR",Sedang,Rendah,Mahal,Critical,tidak laris
887.0,11191-65J01-000,"HOSE,BREATHER",Banyak,Tinggi,Murah,Fast,laris
888.0,41800-80J01-000,"ABSORBER ASSY,REAR SHOCK",Dikit,Rendah,Mahal,Critical,laris
889.0,82160-65J02-5PK,"CABLE COMP,HOOD LATCH RELEASE",Banyak,Tinggi,Murah,Critical,laris
890.0,20002-62J52-000,"TRANSMISSION ASSY,AUTOMATIC",Dikit,Rendah,Mahal,Critical,laris
891.0,72310-80J01-000,"STAY COMP,FRONT HOOD",Sedang,Tinggi,Murah,Slow,laris
892.0,71811-80J00-799,"BUMPER,REAR (PRIMARY)",Dikit,Rendah,Mahal,Slow,tidak laris
893.0,22700-65J11-000,"CONVERTER COMP,TORQUE",Dikit,Rendah,Mahal,Critical,laris
894.0,78170-79J10-000,"CLIP,ROOF DRIP MOLDING",Sedang,Rendah,Murah,Slow,laris
895.0,37310-62J21-000,"SWITCH ASSY,WIPER & WASHER",Dikit,Rendah,Mahal,Slow,tidak laris
582.0,46221-63J00-000,"BUSHING,FR STABILIZER MOUNT",Dikit,Rendah,Murah,Critical,laris
897.0,12711-62G01-000,"CAMSHAFT,INTAKE",Dikit,Rendah,Mahal,Critical,laris
898.0,12100-65831-0B0,"PISTON SET,STD,MARK 2",Sedang,Tinggi,Mahal,Critical,laris
899.0,77531-65J01-000,"MOLDING,RR WHEEL FLANGE",Banyak,Rendah,Murah,Slow,tidak laris
900.0,77841-57K00-DFT,EMBLEM SPORT (RED),Sedang,Tinggi,Murah,Slow,laris
901.0,12750-85FA1-000,"SPROCKET,IDLER NO.2",Sedang,Rendah,Mahal,Critical,tidak laris
902.0,55211-65D14-000,"DISC,FRONT BRAKE",Sedang,Rendah,Mahal,Critical,tidak laris
903.0,56110-80J82-000,"ACTUATOR ASSY,ABS",Dikit,Rendah,Mahal,Critical,laris
904.0,49410-80102-000,"PEDAL,ACCELERATOR",Sedang,Tinggi,Murah,Critical,laris
905.0,89101-60K00-000,TANK ASSY FUEL,Dikit,Rendah,Mahal,Critical,laris
906.0,71742-75K00-0PG,"GARNISH,RADR UPR GRILLE (CHROME)",Sedang,Tinggi,Mahal,Slow,laris
907.0,46642-64G01-000,"BRACKET,REAR STABILIZER BAR",Banyak,Rendah,Murah,Slow,tidak laris
941.0,11610-60C02-000,PISTON ASSY,Banyak,Rendah,Mahal,Critical,tidak laris
909.0,41800-75K11-000,"ABSORBER ASSY,REAR SHOCK",Sedang,Tinggi,Mahal,Critical,laris
830.0,95541-80J00-000,"PIN,TOP BOW HINGE",Sedang,Tinggi,Murah,Critical,laris
911.0,41810-78K00-000,"SUPPORT COMP,FRONT STRUT",Sedang,Tinggi,Mahal,Critical,laris
912.0,45201-78K00-000,"ARM ASSY,FRONT SUSPENSION,R",Dikit,Rendah,Mahal,Critical,laris
913.0,38491-80J01-000,"HOSE ASSY,WASHER",Banyak,Tinggi,Murah,Fast,laris
914.0,36738-76G00-000,"COVER,FUSE BOX",Dikit,Rendah,Murah,Slow,laris
364.0,17761-77EA0-000,"BUSH,RR SPNSN CONT ROD",Sedang,Tinggi,Murah,Critical,laris
916.0,69100-65850-000,"PANEL ASSY,BACK DOOR",Dikit,Rendah,Mahal,Slow,tidak laris
917.0,45202-78K00-000,"ARM ASSY,FRONT SUSPENSION,L",Dikit,Rendah,Mahal,Critical,laris
918.0,09283-40029-000,"SEAL,OIL,40X62X8",Banyak,Tinggi,Murah,Fast,laris
919.0,09283-98003-000,"SEAL,OIL,98X112X7",Banyak,Tinggi,Murah,Fast,laris
617.0,12931-69G00-000,"PLATE,CLUTCH HSG LOWER",Sedang,Tinggi,Murah,Critical,laris
447.0,48830-54G00-000,"PISTON SET,OS:0.50",Banyak,Rendah,Mahal,Critical,tidak laris
922.0,12100-65831-0A0,"PISTON SET,STD,MARK 1",Sedang,Tinggi,Mahal,Critical,laris
923.0,16520-78K00-000,"STRAINER,OIL PUMP",Sedang,Tinggi,Mahal,Critical,laris
753.0,49140-65J00-000,"GASKET,OIL GALLERY",Sedang,Tinggi,Murah,Critical,laris
925.0,17579-78K00-000,"O-RING,WTR OUTLET CAP",Banyak,Tinggi,Murah,Fast,laris
698.0,55206-50J00-000,"BEARING,T/M OUTPUT SHAFT RR",Banyak,Rendah,Murah,Critical,laris
927.0,27561-80K20-000,"MOUNTING COMP,RR DIFF FRONT,L",Sedang,Rendah,Mahal,Critical,tidak laris
928.0,35810-65J01-000,"LAMP ASSY,HIGH MT STOP",Dikit,Rendah,Mahal,Slow,tidak laris
929.0,49230-78K00-000,"HOSE COMP,PRESSURE",Sedang,Tinggi,Mahal,Fast,laris
930.0,75531-65J01-000,"LINING,REAR WHEEL HSG,L",Dikit,Rendah,Mahal,Slow,tidak laris
931.0,68001-65844-000,"PANEL ASSY FR DOOR, R",Dikit,Rendah,Mahal,Slow,tidak laris
932.0,68002-65844-000,"PANEL ASSY,FRT DOOR,L",Dikit,Rendah,Mahal,Slow,tidak laris
933.0,95410-64J62-000,EVAPORATOR ASSY,Dikit,Rendah,Mahal,Critical,laris
934.0,57300-65811-000,"PANEL SET,FRONT HOOD",Dikit,Rendah,Mahal,Slow,tidak laris
935.0,35650-78F01-000,"LAMP UNIT,RR COMBINATION RH",Dikit,Rendah,Mahal,Slow,tidak laris
936.0,95310-80J01-000,CONDENSER ASSY,Dikit,Rendah,Mahal,Critical,laris
937.0,43420-85800-000,"HUB SET,FRONT WHEEL",Sedang,Rendah,Mahal,Critical,tidak laris
938.0,51930-65D11-000,"VALVE ASSY,LSP",Dikit,Rendah,Mahal,Critical,laris
939.0,57600-81810-000,"PANEL,FRONT FENDER,R",Dikit,Rendah,Mahal,Slow,tidak laris
940.0,57700-80850-000,"PANEL,FRONT FENDER,L",Sedang,Rendah,Mahal,Slow,tidak laris
358.0,16760-77E01-000,"MOUNTING,ENGINE FRONT",Sedang,Tinggi,Murah,Critical,laris
942.0,11400-86875-000,"GASKET SET,ENGINE",Sedang,Tinggi,Mahal,Critical,laris
943.0,11610-54G30-000,"MOUNTING,ENG RH",Dikit,Rendah,Mahal,Critical,laris
944.0,17530-78K01-000,"PULLEY,GEN BELT IDLER",Banyak,Tinggi,Murah,Critical,laris
945.0,71741-54L00-5PK,"GRILLE,RADIATOR (BLACK)",Sedang,Tinggi,Mahal,Slow,laris
946.0,87261-60KN0-000,"MEMBER,2ND RISER",Sedang,Tinggi,Murah,Slow,laris
947.0,27561-66J21-000,"MOUNTING COMP,RR DIFF RR",Sedang,Tinggi,Murah,Critical,laris
948.0,86103-63011-000,"MIRROR ASSY,INSIDE REAR VIEW",Sedang,Tinggi,Mahal,Slow,laris
949.0,43420-80801-000,"HUB SET,FRONT WHEEL",Dikit,Rendah,Mahal,Critical,laris
950.0,75270-65J01-000,"SILENCER COMP,FRT HOOD",Sedang,Tinggi,Mahal,Slow,laris
951.0,83401-65J11-000,"REGULATOR ASSY,FR WD,R",Dikit,Rendah,Mahal,Critical,laris
952.0,55211-65J02-000,"DISC,FRONT BRAKE",Dikit,Rendah,Mahal,Critical,laris
926.0,24126-64J01-000,"GASKET,CYLINDER HEAD",Sedang,Tinggi,Murah,Critical,laris
908.0,55440-80J00-000,"PULLEY,BELT IDLER",Dikit,Rendah,Mahal,Critical,laris
955.0,42431-71L00-000,"MOUNT,FRONT STABILIZER BAR (TYPE 1)",Banyak,Tinggi,Murah,Critical,laris
956.0,73910-71L00-R8R,"DOOR ASSY,PASSENGER AIR BAG (BROWN)",Sedang,Tinggi,Mahal,Critical,laris
957.0,36739-86J00-000,"FUSE,BATTERY",Banyak,Tinggi,Murah,Fast,laris
958.0,55311-80J03-000,"DISC,FRONT BRAKE",Dikit,Rendah,Mahal,Critical,laris
959.0,15815-77M00-000,"HOSE,FUEL (PIPE TO ENG)",Banyak,Tinggi,Murah,Fast,laris
960.0,35120-65JE0-000,"UNIT,HEADLAMP RH",Dikit,Rendah,Mahal,Critical,laris
961.0,35320-65JE0-000,"UNIT,HEADLAMP LH",Dikit,Rendah,Mahal,Critical,laris
962.0,41601-78K11-000,"STRUT ASSY,FRONT SUSPENSION,R",Dikit,Rendah,Mahal,Critical,laris
963.0,41602-78K11-000,"STRUT ASSY,FRONT SUSPENSION,L",Dikit,Rendah,Mahal,Critical,laris
964.0,72484-77K00-000,"COVER,ENGINE SPLASH,L",Sedang,Tinggi,Murah,Slow,laris
965.0,84701-78K81-Z7T,"MIRROR,OUT RR VIEW,R",Dikit,Rendah,Mahal,Slow,tidak laris
966.0,84702-78K81-Z7T,"MIRROR,OUT RR VIEW,L",Dikit,Rendah,Mahal,Slow,tidak laris
967.0,71711-77KB0-799,"BUMPER, FRONT (PRIMARY COAT)",Dikit,Rendah,Mahal,Slow,tidak laris
968.0,72111-77KA0-38B,"GRILLE, RADIATOR",Sedang,Rendah,Mahal,Slow,tidak laris
969.0,28300-58M00-000,"CABLE ASSY,SHIFT & SELECT CON",Sedang,Rendah,Mahal,Critical,tidak laris
970.0,57710-65J10-000,"PANEL,FR FENDER LH(W/TURN SIGNAL)",Sedang,Rendah,Mahal,Slow,tidak laris
971.0,23810-64J21-000,"CYLINDER ASSY,CLUTCH MASTER",Sedang,Rendah,Mahal,Critical,tidak laris
972.0,95861-64J10-000,"FILTER,AIR",Banyak,Tinggi,Murah,Fast,laris
973.0,28225-83K10-000,"CLAMP,SELECT CABLE",Banyak,Tinggi,Murah,Slow,laris
974.0,11610-72L10-000,"MOUNTING, ENG RH",Dikit,Rendah,Mahal,Critical,laris
975.0,28225-71L10-000,"CLAMP, SELECT CABLE",Sedang,Rendah,Murah,Slow,laris
976.0,71741-70L00-KAG,"GRILLE, RADIATOR (BLACK/GRAY)",Dikit,Rendah,Mahal,Slow,tidak laris
977.0,95541-58M00-000,THERMISTOR ASSY,Banyak,Tinggi,Murah,Critical,laris
978.0,35650-81A11-000,"LAMP UNIT,RR COMB RH",Sedang,Tinggi,Mahal,Slow,laris
979.0,35670-81A11-000,"LAMP UNIT,RR COMB LH",Sedang,Tinggi,Mahal,Slow,laris
980.0,12160-86FB0-000,CONNROD ASSY,Dikit,Rendah,Mahal,Critical,laris
981.0,11550-51K00-000,"BRACKET,GENERATOR",Sedang,Tinggi,Mahal,Slow,laris
982.0,95411-80J12-000,EVAPORATOR ASSY,Dikit,Rendah,Mahal,Critical,laris
737.0,12140-65J50-050,"SUPPORT,FR STRUT",Sedang,Rendah,Mahal,Critical,tidak laris
984.0,43402-80J02-000,"HUB ASSY,WHL",Dikit,Rendah,Mahal,Critical,laris
985.0,95610-54J04-5PK,"PANEL UNIT,AUTO A/C",Dikit,Rendah,Mahal,Slow,tidak laris
986.0,11610-65J03-000,"MOUNTING,ENG FR",Dikit,Rendah,Mahal,Critical,laris
987.0,44102-80J11-000,"SHAFT ASSY,FRONT DRIVE,L",Dikit,Rendah,Mahal,Critical,laris
749.0,12340-85FC0-B0C,"BUSHING,TRAILING ARM",Sedang,Tinggi,Mahal,Critical,laris
989.0,46500-77M00-000,"BEAM ASSY,REAR SUSPENSION",Dikit,Rendah,Mahal,Critical,laris
990.0,11100-69L40-000,"HEAD ASSY,CYLINDER (FROM 2013-MARCH)",Dikit,Rendah,Mahal,Critical,laris
991.0,23810-65D01-000,"CYLINDER ASSY,CLUTCH MASTER",Dikit,Rendah,Mahal,Critical,laris
992.0,57420-65J03-000,"HINGE COMP,FRONT HOOD,L",Sedang,Rendah,Murah,Slow,laris
780.0,11620-80JA0-000,"CYLINDER ASSY,CLUTCH OPERATING",Sedang,Rendah,Mahal,Critical,tidak laris
994.0,55840-65J01-000,PISTON / SEAL SET,Sedang,Tinggi,Murah,Critical,laris
995.0,38100-65J10-000,MOTOR & LINK FR WIPER,Dikit,Rendah,Mahal,Critical,laris
996.0,71751-57M10-5PK,"BEZEL,FR FOG LAMP,R",Sedang,Tinggi,Mahal,Slow,laris
997.0,71761-57M10-5PK,"BEZEL,FR FOG LAMP,L",Banyak,Tinggi,Mahal,Slow,tidak laris
998.0,84718-68H00-ZVC,"COVER,MIRROR VISOR,R(SILVER)",Banyak,Tinggi,Murah,Slow,laris
999.0,84728-68H00-ZVC,"COVER,MIRROR VISOR,L(SILVER)",Banyak,Tinggi,Murah,Slow,laris
632.0,17111-65J00-000,"WIRE,FUEL",Sedang,Rendah,Mahal,Critical,tidak laris
1.001,11641-80A00-000,"BRACKET, ENG FR MTG RH",Dikit,Rendah,Murah,Slow,laris
1.002,29621-81A00-000,"BRACKET, T/F MOUNTING LH",Dikit,Rendah,Mahal,Slow,tidak laris
1.003,29631-81A00-000,"BRACKET, T/F MOUNTING RH",Sedang,Tinggi,Mahal,Slow,laris
1.004,36737-76J00-000,"BRACKET, RELAY BOX",Sedang,Rendah,Murah,Slow,laris
1.005,87244-57M50-P4Z,"COVER, REAR RCLNG LOWER RH",Banyak,Tinggi,Murah,Slow,laris
1.006,49200-81A30-000,"HOSE ASSY, PRESSURE/RETURN",Dikit,Rendah,Mahal,Fast,tidak laris
1.007,64111-81A01-P41,"PANEL, SIDE SILL RH",Dikit,Rendah,Mahal,Slow,tidak laris
1.008,72320-57M00-000,"MEMBER, FRONT BUMPER",Sedang,Rendah,Mahal,Slow,tidak laris
1.009,76214-81A01-P4Z,"LID, QUARTER TRIM BOX (GRAY)",Sedang,Rendah,Murah,Slow,laris
1.01,76215-81A00-P4Z,"CAP, RR QTR LOWER TRIM (GRAY)",Sedang,Tinggi,Murah,Slow,laris
1.011,84926-57M00-000,"PAD, FR ELR",Dikit,Rendah,Mahal,Critical,laris
1.012,84511-81A03-000,"GLASS, WINDSHIELD",Dikit,Rendah,Mahal,Slow,tidak laris
1.013,84531-81A02-000,"GLASS, FR DR WINDOW RH",Dikit,Rendah,Mahal,Slow,tidak laris
1.014,84531-81A12-000,"GLASS, FR DR WINDOW RH (UV CUT)",Dikit,Rendah,Mahal,Slow,tidak laris
1.015,84536-81A02-000,"GLASS, FR DR WINDOW LH",Dikit,Rendah,Mahal,Slow,tidak laris
1.016,84536-81A12-000,"GLASS, FR DR WINDOW LH (UV CUT)",Dikit,Rendah,Mahal,Slow,tidak laris
1.017,77213-59R50-000,"PROTECTOR,SIDE SILL SPLASH (CKD DREZA)",Sedang,Rendah,Murah,Slow,laris
1.018,20009-65M70-000,"TRANSMISSION ASSY, AT S-CROSS 2016",Dikit,Rendah,Mahal,Critical,laris
1.019,11610-78K02-000,"MOUNTING COMP,ENG FRONT",Dikit,Rendah,Mahal,Critical,laris
1.02,71811M64M10-799,"BUMPER,REAR(PRIMARY)",Sedang,Rendah,Mahal,Slow,tidak laris
1.021,82201-80J34-000,"LATCH ASSY,FRONT DOOR,R",Dikit,Rendah,Mahal,Critical,laris
1.022,11620-61M00-000,"MOUNTING, ENG LH (5MT)",Sedang,Rendah,Mahal,Critical,tidak laris
1.023,11651-61M00-000,"BRACKET, ENG LH MTG NO.1 (5MT)",Sedang,Rendah,Mahal,Slow,tidak laris
1.024,11652-61M00-000,"BRACKET, ENG LH MTG NO.2",Sedang,Rendah,Mahal,Slow,tidak laris
1.025,13700-61M00-000,"CLEANER ASSY, AIR",Sedang,Tinggi,Mahal,Fast,laris
1.026,14110-61M12-H02,"MANIFOLD, EXH",Dikit,Rendah,Mahal,Critical,laris
1.027,23830-61M20-000,"PIPE ASSY,CLUTCH OIL RH",Sedang,Tinggi,Mahal,Fast,laris
1.028,44117-61MA0-000,"JOINT ASSY, DIFF SIDE RH (5MT)",Dikit,Rendah,Mahal,Critical,laris
1.029,44119-61M00-000,"BOOT SET, DIFF SIDE (5MT)",Dikit,Rendah,Mahal,Critical,laris
1.03,44125-61MA0-000,DAMPER SET RH (5MT),Dikit,Rendah,Mahal,Critical,laris
1.031,75822-61M10-5PK,"GARNISH, GEAR SHIFT AT (BLACK)",Banyak,Tinggi,Murah,Slow,laris
1.032,16910-78K01-000,"GAUGE COMP,OIL LEVEL",Sedang,Rendah,Murah,Critical,laris
1.033,71711M66R00-799,"BUMPER,FRONT (PRIMARY)",Dikit,Rendah,Mahal,Slow,tidak laris
1.034,71811M66R00-799,"BUMPER,REAR (PRIMARY)",Sedang,Tinggi,Mahal,Slow,laris
1.035,83994-62R01-000,"CAP,BACK DR DRAIN HOLE",Sedang,Rendah,Murah,Slow,laris
1.036,72311-62R01-000,"STAY, FR HOOD",Banyak,Tinggi,Murah,Slow,laris
1.037,18640-60CB0-000,"SENSOR ASSY, KNOCK (P73)",Sedang,Tinggi,Murah,Critical,laris
1.038,55850-76G01-000,PIN/BOOT SET,Sedang,Tinggi,Murah,Critical,laris
921.0,12100-65831-050,PISTON/SEAL SET,Dikit,Rendah,Mahal,Critical,laris
1.04,41700-77A02-000,"ABSORBER ASSY,REAR SHOCK",Dikit,Rendah,Mahal,Critical,laris
1.041,55852-80J01-000,PIN-B ASSY/BOOT SET,Sedang,Tinggi,Murah,Critical,laris
1.042,28113-63J01-5PK,KNOB.GEAR SHIFT CONT LEVER,Dikit,Rendah,Mahal,Slow,tidak laris
1.043,14300-61M01-000,MUFFLER,Dikit,Rendah,Mahal,Critical,laris
1.044,44118-80J12-000,"BOOT SET,WHEEL SIDE",Dikit,Rendah,Mahal,Critical,laris
1.045,44119-80J32-000,"BOOT SET,DIFF",Dikit,Rendah,Mahal,Critical,laris
1.046,55851-80J01-000,PIN/BOOT SET,Sedang,Tinggi,Murah,Critical,laris
1.047,28113-50J07-BWK,"KNOB COMP,GEAR SHF CONT LEVER",Dikit,Rendah,Mahal,Slow,tidak laris
1.048,71711M64MA0-799,"BUMPER, FRONT UPPER",Sedang,Rendah,Mahal,Slow,tidak laris
1.049,55880-68L01-000,SEAL SET,Banyak,Tinggi,Murah,Fast,laris
1.05,43210-73R00-39M,WHEEL(15X5 1/2J)(SILVER),Sedang,Tinggi,Mahal,Slow,laris
1.051,37145-55A41-000,"KEY,BLANK (OMR)",Sedang,Tinggi,Mahal,Slow,laris
1.052,42420-80J01-000,"JOINT COMP,STABILIZER BAR",Sedang,Tinggi,Murah,Critical,laris
1.053,53401-65J01-000,"CYLINDER ASSY,REAR WHEEL",Dikit,Rendah,Mahal,Critical,laris
1.054,38720-58M05-000,"CONTROLLER ASSY,EPS",Dikit,Rendah,Mahal,Critical,laris
1.055,41810-70L01-000,"ABSORBER ASSY,RR SHOCK",Dikit,Rendah,Mahal,Critical,laris
1.056,82131-50M00-000,BOLT,Sedang,Tinggi,Murah,Critical,laris
1.057,28390-52S00-000,"BRACKET,T/M CONT CABLE",Sedang,Rendah,Murah,Slow,laris
1.058,63133-52S00-000,"BRACKET,FR PILLAR CENTER,R",Dikit,Tinggi,Murah,Slow,laris
1.059,41700-65D04-000,"ABSORBER ASSY,RR SHOCK",Sedang,Rendah,Mahal,Critical,tidak laris
1.06,41700-52D02-000,"ABSORBER ASSY,SHOCK,REAR",Dikit,Rendah,Mahal,Critical,laris
1.061,49100-65J01-000,"PUMP ASSY,POWER STEERING",Dikit,Rendah,Mahal,Critical,laris
1.062,72523-52S00-000,"BOLT,BATTERY COVER",Sedang,Tinggi,Murah,Critical,laris
1.063,51550-68R01-000,"HOSE,FR BRAKE FLEXIBLE",Banyak,Tinggi,Murah,Fast,laris
1.064,09159-24012-000,"NUT,FR WHEEL BRG LOCK",Banyak,Rendah,Murah,Fast,laris
1.065,57279-78R00-000,"BRACKET,BRAKE FLEXIBLE HOSE",Sedang,Tinggi,Murah,Slow,laris
1.066,75850-77R00-5PK,"BOX,FLOOR CONSOLE REAR (BLACK)",Sedang,Rendah,Murah,Slow,laris
1.067,95291-77R10-000,BRACKET,Banyak,Tinggi,Murah,Slow,laris
1.068,51510-78R00-000,"PIPE,RR BK HOSE TO RR W/C,R",Banyak,Tinggi,Murah,Fast,laris
1.069,51540-78R00-000,"HOSE,FR BRAKE FLEXIBLE",Banyak,Rendah,Murah,Fast,laris
1.07,51751-78R00-000,"CLAMP,BK PIPE DASH 5",Sedang,Rendah,Murah,Slow,laris
1.071,51761-78R10-000,"CLAMP,BK PIPE FRAME SINGLE",Sedang,Rendah,Murah,Slow,laris
1.072,51761-78R20-000,"CLAMP,BK PIPE FRAME DOUBLE",Sedang,Rendah,Murah,Slow,laris
1.073,58110-78R00-000,"MEMBER,1ST MOUNT",Dikit,Rendah,Mahal,Slow,tidak laris
1.074,58146-78R00-000,"BRACKET,FR OUTER PANEL LWR,R",Banyak,Tinggi,Murah,Slow,laris
1.075,58166-78R00-000,"BRACKET,FR OUTER PANEL LWR,L",Banyak,Tinggi,Murah,Slow,laris
1.076,58171-78R00-000,"MEMBER,LAMP SUPPORT,R",Sedang,Tinggi,Murah,Slow,laris
1.077,58172-78R00-000,"BRACKET,FR OUTER PANEL UPR,R",Sedang,Rendah,Murah,Slow,laris
1.078,58181-78R00-000,"MEMBER,LAMP SUPPORT,L",Sedang,Tinggi,Murah,Slow,laris
1.079,58182-78R00-000,"BRACKET,FR OUTER PANEL UPR,L",Sedang,Rendah,Murah,Slow,laris
1.08,58922-78R00-000,"BRACKET,HU FR",Sedang,Tinggi,Murah,Slow,laris
1.081,58923-78R00-000,"BRACKET,HU RR",Sedang,Rendah,Murah,Slow,laris
1.082,59326-78R00-000,"EXTENSION,HVAC BRACKET",Sedang,Rendah,Murah,Slow,laris
1.083,59330-78R00-000,"EXTENSION,PEDAL BRACKET",Sedang,Tinggi,Murah,Slow,laris
1.084,61516-78R00-000,"REINF,MAIN FLOOR,R",Sedang,Rendah,Murah,Critical,laris
1.085,61517-78R00-000,"REINF,MAIN FLOOR,L",Sedang,Rendah,Murah,Critical,laris
1.086,61670-78R00-000,"PANEL,SIDE SILL INR RR,L",Sedang,Tinggi,Mahal,Slow,laris
1.087,63241-78R00-000,"REINF,CENTER PILLAR,R",Dikit,Rendah,Mahal,Critical,laris
1.088,63242-78R00-000,"EXTENSION,QTR INNER REINF,R",Sedang,Tinggi,Murah,Slow,laris
1.089,63432-52R00-000,"PATCH,SEAT BELT ELR",Banyak,Tinggi,Murah,Fast,laris
1.09,63641-78R00-000,"REINF,CENTER PILLAR,L",Dikit,Rendah,Mahal,Critical,laris
1.091,63642-78R00-000,"EXTENSION,QTR INNER REINF,L",Sedang,Rendah,Murah,Slow,laris
1.092,64113-78R00-000,"EXTENSION,ROOF SIDE DRIP FR,R",Sedang,Tinggi,Murah,Slow,laris
1.093,64115-78R00-000,"REINF,RR ROOF SIDE",Sedang,Tinggi,Murah,Critical,laris
1.094,64513-78R00-000,"EXTENSION,ROOF SIDE DRIP FR,L",Sedang,Tinggi,Murah,Slow,laris
1.095,72320-78R00-000,"LINING,FRONT FENDER,R",Dikit,Rendah,Murah,Slow,laris
1.096,72335-85K00-000,COVER,Banyak,Tinggi,Murah,Slow,laris
1.097,72387-68L00-000,"BRACKET,FR PILLAR LOWER SEAL",Sedang,Rendah,Murah,Slow,laris
1.098,72420-78R00-000,"LINING,FRONT FENDER,L",Dikit,Rendah,Murah,Slow,laris
1.099,73824-77R00-5PK,"CAP,I/P CENTER (BLACK)",Sedang,Tinggi,Murah,Slow,laris
1.1,77841-78R00-DHL,EMBLEM (CHROME/GRAY),Sedang,Tinggi,Murah,Slow,laris
1.101,85711-58J00-5PK,"KNOB,RCLNG,L (BLACK)",Sedang,Rendah,Murah,Slow,laris
1.102,86652-77R00-000,"CAP,ADJUSTER LWR",Sedang,Rendah,Murah,Slow,laris
1.103,87222-77R00-5PK,"COVER,RCLNG INSIDE,R (BLACK)",Banyak,Tinggi,Murah,Slow,laris
1.104,87285-77R10-5PK,"COVER,RR CTR HINGE FR (BLACK)",Banyak,Tinggi,Murah,Slow,laris
1.105,87286-77R10-5PK,"COVER,RR CTR HINGE RR (BLACK)",Sedang,Rendah,Murah,Slow,laris
1.106,87360-77R40-000,"PAD,RR BACK,R",Sedang,Rendah,Murah,Critical,laris
1.107,87722-77R00-5PK,"COVER,RCLNG INSIDE,L (BLACK)",Banyak,Tinggi,Murah,Slow,laris
1.108,36210-63J02-6GS,"LAMP ASSY,ROOM",Sedang,Rendah,Mahal,Slow,tidak laris
1.109,82301-80J25-000,"LATCH ASSY,REAR DOOR,R",Dikit,Rendah,Mahal,Critical,laris
1.11,16555-58J32-000,"GASKET,OCV",Sedang,Tinggi,Murah,Critical,laris
1.111,72831-81A01-000,"BRACKET,SPARE TIRE COVER",Sedang,Rendah,Murah,Slow,laris
1.112,41700-65J11-000,"ABSORBER ASSY,RR SHOCK",Dikit,Rendah,Mahal,Critical,laris
1.113,35650-71L00-000,"LAMP UNIT,RR COMB,R",Dikit,Rendah,Mahal,Slow,tidak laris
1.114,35670-71L00-000,"LAMP UNIT,RR COMB,L",Dikit,Rendah,Mahal,Slow,tidak laris
1.115,65132-60M00-000,REINF ROOF BACK INNER R,Sedang,Tinggi,Murah,Critical,laris
1.116,79071-79120-000,GLASS CABIN BACK WIND-AR (GREEN),Sedang,Rendah,Murah,Slow,laris
1.117,79631-79140-000,GLASS FRONT DOOR WINDOW R (GREEN),Sedang,Tinggi,Murah,Slow,laris
1.118,79636-79140-000,GLASS FRONT DOOR WINDOW L (GREEN),Sedang,Tinggi,Murah,Slow,laris
1.119,84510-65JA1-000,GLASS WHINDSHIELD,Dikit,Rendah,Mahal,Slow,tidak laris
1.12,84570-63J40-000,GLASS COMP BACK DOOR WD,Sedang,Rendah,Mahal,Slow,tidak laris
1.121,84570-77R03-000,"GLASS,BACK DR WINDOW",Dikit,Rendah,Mahal,Slow,tidak laris
1.122,41700-52S01-000,"ABSORBER ASSY,REAR SHOCK",Sedang,Tinggi,Murah,Critical,laris
1.123,39950-73R00-000,"ANTENNA ASSY,GPS",Sedang,Tinggi,Murah,Slow,laris
1.124,75401-77R01-000,"BOARD ASSY,LUGGAGE FLOOR UPPER",Dikit,Rendah,Mahal,Slow,tidak laris
1.125,78142-78R02-5PK,"CAP,ROOF MOLDING FR,R(BLACK)",Sedang,Tinggi,Murah,Slow,laris
1.126,78152-78R02-5PK,"CAP,ROOF MOLDING FR,L (BLACK)",Sedang,Rendah,Murah,Slow,laris
1.127,89360-73R50-000,"BELT,TANK FIXER,R",Sedang,Tinggi,Murah,Slow,laris
1.128,89370-73R50-000,"BELT,TANK FIXER,L",Sedang,Tinggi,Murah,Slow,laris
1.129,11610-57L02-000,"MOUNTING,ENG,R",Dikit,Rendah,Mahal,Critical,laris
1.13,11620-57L00-000,"MOUNTING,ENG,L",Dikit,Rendah,Mahal,Critical,laris
1.131,11710-57L10-000,"MOUNTING,ENG RR",Dikit,Rendah,Mahal,Critical,laris
1.132,11720-57L10-000,"MOUNTING,ENG FR",Dikit,Rendah,Mahal,Critical,laris
1.133,55800-68L22-000,PAD SET,Sedang,Tinggi,Mahal,Fast,laris
1.134,39106-86T00-000,"CABLE,USB",Banyak,Tinggi,Murah,Fast,laris
1.135,84510-78R04-000,"GLASS,WINDSHIELD",Dikit,Rendah,Mahal,Slow,tidak laris
1.136,09482M00651-000,"PLUG,SPARK(NGK,ILZKR6F11)",Banyak,Tinggi,Murah,Fast,laris
1.137,20009-76T10-000,"TRANSMISSION ASSY, AUTOMATIC",Dikit,Rendah,Mahal,Critical,laris
1.138,17521-81P00-000,"BELT, WATER PUMP",Banyak,Tinggi,Murah,Fast,laris
1.139,84051M66R03-000,"GLASS,WINDSHIELD",Sedang,Tinggi,Mahal,Slow,laris
1.14,84501-77R02-000,"GLASS,FR DR WINDOW,R",Dikit,Rendah,Mahal,Slow,tidak laris
1.141,84502-77R02-000,"GLASS,FR DR WINDOW,L",Dikit,Rendah,Mahal,Slow,tidak laris
1.142,21000-57LV2-000,"T/M ASSY,AUTOMATIC",Dikit,Rendah,Mahal,Critical,laris
1.143,83810-77A00-000,"WEATHERSTRIP,FR DR OUT,R",Dikit,Rendah,Mahal,Slow,tidak laris
1.144,83820-77A00-000,"WEATHERSTRIP,FR DR OUT,L",Dikit,Rendah,Mahal,Slow,tidak laris
1.145,77831-57L00-0PG,EMBLEM,Sedang,Rendah,Murah,Slow,laris
1.146,36757-77R41-000,"WIRE,FR DOOR SUB",Sedang,Tinggi,Mahal,Slow,laris
1.147,96510-73RV2-000,PACK ASSY BATTERY (12V 10AH),Dikit,Rendah,Mahal,Slow,tidak laris
1.148,09920M36210-000,PLIER,Sedang,Rendah,Murah,Slow,laris
1.149,09925-57620-000,RUBBER BOOT INSTALLER,Banyak,Rendah,Murah,Fast,laris
1.15,09944-66040-000,"INSTALLER, DRIVE SHAFT INR SEAL",Sedang,Rendah,Mahal,Slow,tidak laris
