no,part_no,sparepart,stok,jumlah_terjual,harga,kategori_sparepart,klasifikasi
1,99000-990C5-A01,A/C FILTER ANTIALLERGEN EFFECT,banyak,tinggi,murah,fast,laris
2,99000-99023-A96,FRONT UNDER SPOILER,sedang,rendah,mahal,slow,tidak laris
3,99000-99056-A2G,ROOF END SPOILER,sedang,rendah,mahal,slow,tidak laris
4,99000-99064-B1R,"UNDER SPOILER,FRONT",sedang,rendah,mahal,slow,tidak laris
5,99000-99076-FB0,FOG LAMP BEZEL,banyak,tinggi,murah,slow,laris
6,99000-990J5-AC4,CONSOLE BOX,sedang,rendah,mahal,slow,tidak laris
7,99000-99064-B1N,"SIDE UNDER GARNISH,GRAY MET",sedang,rendah,mahal,slow,tidak laris
8,99000-990C5-A03,"A/C FILTER, ANTIBACTERIAL APPLICABLE EFFECT",banyak,tinggi,murah,fast,laris
9,99000-990G4-A01,"A/C FILTER, ANTIBACTERIAL APPLICABLE EFFECT",banyak,tinggi,murah,fast,laris
10,35526-71L00-000,"BRACKET, ILLUMINATION RH (SWIFT SAI)",banyak,tinggi,murah,slow,laris
11,35566-71L00-000,"BRACKET, ILLUMINATION LH (SWIFT SAI)",banyak,tinggi,murah,slow,laris
12,36553-71L00-000,"LAMP ASSY, ILLUMINATION RH (SWIFT SAI)",sedang,rendah,mahal,slow,tidak laris
13,36554-71L00-000,"LAMP ASSY, ILLUMINATION LH (SWIFT SAI)",sedang,rendah,mahal,slow,tidak laris
14,71735-61P00-000,"SUPPORT, FRONT FOG LAMP SIDE RH (SWIFT SAI)",banyak,tinggi,murah,critical,laris
15,71736-61P00-000,"SUPPORT, FRONT FOG LAMP SIDE LH (SWIFT SAI)",banyak,tinggi,murah,critical,laris
16,71750-60P20-5PK,"BEZEL, FRONT FOG LAMP RH (SWIFT SAI)",sedang,tinggi,murah,slow,laris
17,71787-79M00-ZJ3,"PROTECTOR, FR BUMPER EXT CTR (CIAZ RS)",sedang,tinggi,murah,slow,laris
18,71788-79M00-ZJ3,"PROTECTOR, FR BUMPER EXT SIDE (CIAZ RS)",sedang,rendah,murah,slow,tidak laris
19,71792-60P00-000,"BRACE, FRONT BUMPER SIDE LH (SWIFT SAI)",sedang,tinggi,murah,slow,laris
20,71863-79M00-ZJ3,"PROTECTOR, RR BUMPER EXT CTR (CIAZ RS)",sedang,tinggi,murah,slow,laris
21,71864-79M00-ZJ3,PROTECTOR. RR BUMPER EXT SIDE (CIAZ RS),sedang,tinggi,murah,slow,laris
22,77232-82K00-000,"PROTECTOR, SIDE SILL SPLASH (CIAZ RS)",sedang,rendah,murah,slow,tidak laris
23,71791-60P00-000,"BRACE, FRONT BUMPER SIDE RH (SWIFT SAI)",banyak,tinggi,murah,slow,laris
24,73821-62R00-5PK,"GARNISH,I/P CTR(BLACK)",banyak,tinggi,murah,slow,laris
25,73821-62R30-CF4,"GARNISH,I/P CTR",banyak,tinggi,murah,slow,laris
26,99250-68P00-000,"AC FILTER, ANTI PM2.5",banyak,tinggi,murah,fast,laris
27,99000-99036-A16,STICKER,sedang,rendah,murah,slow,tidak laris
28,99000-99036-A18,STICKER,banyak,tinggi,murah,slow,laris
29,99000-99036-B21,"GRAPHIC SET,SPORT MIND",sedang,rendah,murah,slow,tidak laris
30,99000-99036-B22,"GRAPHIC SET,SPORT MIND",sedang,tinggi,murah,slow,laris
31,990E0-78R07-000,SIDE BODY MOLDING JIMNY,sedang,rendah,mahal,slow,tidak laris
32,99115-78R10-000,FRONT BUMPER UNDER GARNISH,dikit,rendah,mahal,slow,tidak laris
33,99118-78R00-BK1,"MUD FLAP FRONT,BLACK",sedang,rendah,mahal,slow,tidak laris
34,99118-78R10-BK1,"MUD FLAP REAR,BLACK",sedang,rendah,mahal,slow,tidak laris
35,99122-78R00-000,"COVER,DOOR MIRROR (CHROME)",dikit,rendah,mahal,slow,tidak laris
36,99126-78R00-000,DOOR HANDLE ESCUTCHEON,sedang,rendah,mahal,slow,tidak laris
37,99152-78R00-000,LUGGAGE NET,sedang,rendah,mahal,slow,tidak laris
38,99152-78R10-000,REAR GATE NET,sedang,rendah,mahal,slow,tidak laris
39,99233-78R00-QKJ,"AIR VENTS,HAGANE SILVER",dikit,rendah,mahal,slow,tidak laris
40,9923D-78R10-001,"AT SHIFT PANEL,RHD,HAGANE SILVER",sedang,tinggi,mahal,slow,tidak laris
41,9923D-78R10-002,"AT SHIFT PANEL,RHD,STAIN SILVER",sedang,rendah,mahal,slow,tidak laris
42,99112-78R10-000,SIDE UNDER GARNISH,dikit,rendah,mahal,slow,tidak laris
43,75901-77RK0-WBM,"MAT SET,FLOOR (MT)",banyak,rendah,mahal,slow,tidak laris
44,75901-77RL0-WBM,"MAT SET,FLOOR (AT)",sedang,tinggi,mahal,slow,tidak laris
45,99120-78R11-000,RAIN AND WIND DEFLECTOR SET,sedang,rendah,murah,slow,tidak laris
46,75921-76G10-BKP,"HOLDER, FLOOR MAT",banyak,tinggi,murah,slow,laris
47,9912J-78R41-000,REAR DIFFERENTIAL GUARD,sedang,rendah,mahal,critical,tidak laris
48,9912J-78R31-000,FRONT DIFFERENTIAL GUARD,sedang,rendah,mahal,critical,tidak laris
49,990E0-78R48-000,CARGO PARTITION GRID (CROSSWISE),dikit,rendah,mahal,slow,tidak laris
50,99118-78R00-RD1,"MUD FLAP FRONT,RED",sedang,tinggi,mahal,slow,tidak laris
51,99118-78R10-RD1,"MUD FLAP REAR,RED",sedang,rendah,mahal,slow,tidak laris
52,990J0M55T04-010,BODY SIDE MOULDING,sedang,tinggi,murah,slow,laris
53,9911C-78R01-ZSC,FRONT GRILLE,dikit,rendah,mahal,slow,tidak laris
54,72201M76TX0-000,MUD FLAP,banyak,tinggi,murah,slow,laris
55,75901-80TL0-000,FLOOR MAT MT,banyak,tinggi,mahal,fast,tidak laris
56,75901-80TM0-000,FLOOR MAT AT,banyak,tinggi,mahal,fast,tidak laris
57,990E0-62R70-COV,WHEEL NUT COVER BLACK,banyak,tinggi,murah,fast,laris
58,99112-80T10-000,SIDE UNDER GARNISH,dikit,rendah,mahal,slow,tidak laris
59,99120-80T10-000,DOOR VISOR,sedang,tinggi,mahal,slow,tidak laris
60,99126-80T10-000,DOOR HANDLE ESCUTCHEON,sedang,tinggi,mahal,slow,tidak laris
61,99150-80T10-000,LUGGAGE MAT,sedang,tinggi,mahal,slow,tidak laris
62,99152-80T30-000,REAR GATE NET,sedang,tinggi,mahal,slow,tidak laris
63,99213-78R00-000,FOOT ILLUMINATION,sedang,rendah,mahal,slow,tidak laris
64,99213-78R10-000,GLOVE BOX ILLUMINATION,dikit,rendah,mahal,slow,tidak laris
65,99213-78R81-000,DOOR LAMP,dikit,rendah,mahal,slow,tidak laris
66,99230-78R30-001,"DECAL FOR SPARE TIRE HALF COVER, HONEYCOMB/RHINO",dikit,tinggi,mahal,slow,tidak laris
67,99230-78R30-002,"DECAL FOR SPARE TIRE HALF COVER, CAMO/RHINO",sedang,rendah,mahal,slow,tidak laris
68,9923A-77RA0-000,"STICKER, RHINO",banyak,tinggi,murah,slow,laris
69,9923B-78R51-000,"SPARE TIRE COVER, SOFT/RHINO",sedang,rendah,mahal,slow,tidak laris
70,9923K-78R00-000,WHEEL LOCK NUT SET,banyak,rendah,mahal,fast,tidak laris
71,99250-78R00-000,AC FILTER ANTI PM 2.5,banyak,tinggi,murah,fast,laris
72,9914R-80T10-001,"COVER,ASSISTANT GRIP BROWN",sedang,rendah,mahal,slow,tidak laris
73,9914R-80T10-002,"COVER,ASSISTANT GRIP BLACK",sedang,tinggi,mahal,slow,tidak laris
74,99176-78R11-000,MULTI ROOF RACK,dikit,rendah,mahal,slow,tidak laris
75,9917B-78R01-000,BICYCLE CARRIER,dikit,rendah,mahal,slow,tidak laris
76,990H0-990AO-060,1 SET DSP 5 CHANNEL BOX SUBWOFER,dikit,rendah,mahal,slow,tidak laris
77,09448-31029-000,SPRING,banyak,tinggi,murah,critical,laris
78,11320-73001-000,"PLATE,CLUTCH HOUSING LOWER",banyak,tinggi,murah,critical,laris
79,12620-73003-000,FLY WHEEL,sedang,rendah,mahal,critical,tidak laris
80,17569-82001-H17,"GASKET,WTR THERMO CAP",banyak,tinggi,murah,critical,laris
81,25510-60B01-000,"SHAFT,GEAR SHF",banyak,tinggi,murah,critical,laris
82,27842-63B00-000,"SEAL,DRIVE INTERMEDIATE,L",banyak,tinggi,murah,fast,laris
83,28180-60B00-000,"HOUSING COMP,GEAR SHF CONT",sedang,tinggi,murah,critical,laris
84,12860-82600-000,"SHAFT,INTAKE ROCKER ARM",sedang,tinggi,mahal,critical,laris
85,24761-50A00-000,"SEAL,TRANS CASE LOWER CAP",banyak,tinggi,murah,fast,laris
86,27841-63B00-000,"SEAL,DRIVE INTERMEDIATE,R",banyak,tinggi,murah,fast,laris
87,11139-86500-000,"SEAL,CYLINDER HEAD SIDE",banyak,tinggi,murah,fast,laris
88,09108-06078-000,"BOLT,STUD",banyak,tinggi,murah,critical,laris
89,09159-10045-000,NUT,banyak,tinggi,murah,fast,laris
90,09305-13007-000,BUSH,banyak,tinggi,murah,critical,laris
91,09388-00007-000,SPRING,banyak,tinggi,murah,critical,laris
92,09401-50402-000,CLAMP,banyak,tinggi,murah,slow,laris
93,09440-04019-000,SPRING,banyak,tinggi,murah,critical,laris
94,09440-17008-000,SPRING,banyak,tinggi,murah,critical,laris
95,09440-27007-000,SPRING,banyak,rendah,murah,critical,tidak laris
96,09448-12005-000,SPRING,banyak,tinggi,murah,critical,laris
97,11383-82000-000,"SEAL,TIMING BELT COVER INSIDE",banyak,tinggi,murah,fast,laris
98,11610-79100-000,"MOUNT,ENGINE FR",banyak,tinggi,murah,critical,laris
99,11710-77100-000,"MOUNT,ENGINE RR",banyak,tinggi,murah,critical,laris
100,12313-78000-000,"RING,CRANK SEAL",sedang,tinggi,murah,critical,laris
101,13330-84300-000,CHAMBER ASSY,sedang,tinggi,mahal,critical,laris
102,15100-77300-000,"PUMP ASSY,FUEL",sedang,tinggi,mahal,critical,laris
103,16910-79110-000,"GAUGE,OIL LEVEL",banyak,tinggi,murah,critical,laris
104,17111-73010-000,"FAN,COOLING",sedang,tinggi,murah,critical,laris
105,17551-82700-000,"CONNECTOR,WATER INTAKE",sedang,rendah,murah,critical,tidak laris
106,23161-65002-000,"SUPPORT,CLUTCH BEARING",banyak,rendah,murah,critical,tidak laris
107,28115-79500-000,"SEAT,GEAR SHIFT LEVER",banyak,tinggi,murah,critical,laris
108,28115-82000-000,"SEAT,GEAR SHFT CONT LEVER",banyak,rendah,murah,critical,tidak laris
109,29221-80050-000,"GEAR,T/F OUTPUT HIGH",sedang,rendah,mahal,critical,tidak laris
110,31171-71310-000,PULLEY,sedang,tinggi,murah,critical,laris
111,33410-77310-000,"COIL ASSY,IGNITION",sedang,rendah,mahal,critical,tidak laris
112,38310-80000-000,"ARM,WINDOW WIPER",banyak,tinggi,murah,slow,laris
113,41720-82000-000,"SEAT,STRUT MOUNT",banyak,tinggi,murah,critical,laris
114,43271-80000-000,"HOLDER,CENTER CAP RR",sedang,rendah,murah,slow,tidak laris
115,43461-80000-000,"NUT,FR WHEEL BEARING",banyak,tinggi,murah,fast,laris
116,43465-80000-000,"WASHER,FR WHEEL BEARING",sedang,tinggi,murah,critical,laris
117,48116-80030-000,"PLATE,CONTACT",dikit,tinggi,murah,critical,laris
118,48117-80030-000,"SEAT,CONTACT",banyak,rendah,murah,critical,tidak laris
119,48128-80030-000,"COLLAR,CONTACT PLATE",sedang,tinggi,murah,slow,laris
120,48526-82000-000,"MOUNT,STEERING RACK SIDE",banyak,tinggi,murah,critical,laris
121,48571-82000-000,"BOOT,STEERING PINION SIDE",sedang,tinggi,murah,critical,laris
122,48900-77300-000,"DRAG ROD, STEERING",sedang,rendah,mahal,critical,tidak laris
123,49400-79001-000,"PEDAL,ACCELERATOR",sedang,tinggi,murah,critical,laris
124,51300-77310-000,"BOOSTER ASSY,BRAKE MASTER",sedang,rendah,mahal,critical,tidak laris
125,52400-67821-000,PISTON CUP/BOOT SET,banyak,tinggi,mahal,critical,laris
126,53401-67010-000,"CYLINDER ASSY,RR RH WHEEL",sedang,rendah,mahal,critical,tidak laris
127,53401-83040-000,"CYLINDER ASSY,REAR WHEEL,R",sedang,tinggi,mahal,critical,laris
128,53402-67010-000,"CYLINDER ASSY,RR LH WHEEL",sedang,rendah,mahal,critical,tidak laris
129,53402-83040-000,"CYLINDER ASSY,REAR WHEEL,L",sedang,rendah,mahal,critical,tidak laris
130,53610-58040-000,"ANCHOR ASSY,RR BRAKE SHOE",sedang,rendah,mahal,critical,tidak laris
131,55213-82020-000,"SPRING,ANTI RATTLE OUTER",banyak,rendah,murah,critical,tidak laris
132,64520-80011-000,"PANEL,SIDE BODY FR UPPER LH",sedang,rendah,murah,slow,tidak laris
133,69320-80110-000,"HINGE,FR DOOR LOWER RH",sedang,tinggi,murah,slow,laris
134,72412-80000-000,"STAY,FR WINDOW LOCK LH",banyak,tinggi,murah,slow,laris
135,72420-80010-000,"HINGE,FRONT WINDOW",banyak,tinggi,murah,slow,laris
136,73411-83000-55Y,"LID,GLOVE BOX INSTPNL",sedang,tinggi,murah,slow,laris
137,73910-52002-000,"HANDLE,RR GATE LOCK",dikit,rendah,murah,slow,tidak laris
138,77110-80810-281,"EXTENSION,FRONT FENDER,R",sedang,rendah,mahal,slow,tidak laris
139,77120-80810-281,"EXTENSION,FRONT FENDER,L",dikit,rendah,mahal,slow,tidak laris
140,77400-79891-000,LOCK SET,dikit,rendah,mahal,slow,tidak laris
141,83771-80100-000,"LID,BACK DOOR SERVICE HOLE",sedang,tinggi,murah,slow,laris
142,84701-80110-281,"MIRROR ASSY,RH",dikit,rendah,mahal,slow,tidak laris
143,84702-80110-281,"MIRROR ASSY,LH",dikit,rendah,mahal,slow,tidak laris
144,86101-73080-281,"MIRROR ASSY,RH",sedang,tinggi,mahal,slow,tidak laris
145,86102-73080-281,"MIRROR ASSY,LH",sedang,rendah,mahal,slow,tidak laris
146,89260-82101-000,"CAP ASSY,FUEL FILLER",sedang,tinggi,murah,slow,laris
147,09471-12106-000,"BULB,12V55W,H3",banyak,tinggi,murah,fast,laris
148,11710-63B10-000,"MOUNTING COMP,ENGINE,RR",sedang,tinggi,mahal,critical,laris
149,17111-84000-000,FAN,sedang,rendah,murah,critical,tidak laris
150,09159-16011-000,NUT,banyak,tinggi,murah,fast,laris
151,38452-60B00-000,"CAP,WASHER TANK",sedang,rendah,murah,slow,tidak laris
152,72311-60B00-000,"LINING,FRONT FENDER,R",sedang,rendah,mahal,slow,tidak laris
153,72316-60B00-000,"LINING,FRONT FENDER,L",banyak,tinggi,mahal,slow,tidak laris
154,41742-60B00-000,"WASHER,BEARING UPPER",sedang,tinggi,murah,critical,laris
155,41743-60B00-000,"WASHER,BEARING LOWER",banyak,rendah,murah,critical,tidak laris
156,41744-60B00-000,"SPACER,FRONT STRUT BEARING",banyak,rendah,murah,critical,tidak laris
157,84702-83000-5PK,"MIRROR ASSY,OUT REAR VIEW,L",dikit,rendah,mahal,slow,tidak laris
158,09283-56002-000,"SEAL,OIL,56X72.2X7.8",banyak,tinggi,murah,fast,laris
159,09381-65004-000,CIRCLIP,sedang,rendah,murah,slow,tidak laris
160,09440-24010-000,SPRING,sedang,tinggi,murah,critical,laris
161,09440-24011-000,SPRING,banyak,tinggi,murah,critical,laris
162,09443-12038-000,SPRING,banyak,rendah,murah,critical,tidak laris
163,11390-60A11-000,"COVER,TIMING BELT,OUTSIDE",banyak,rendah,murah,critical,tidak laris
164,11710-77500-000,"MOUNTING COMP,ENGINE REAR",banyak,tinggi,mahal,critical,laris
165,12140-60A50-000,"RING SET,PISTON",banyak,tinggi,mahal,critical,laris
166,12140-60A50-050,"RING SET,PISTON,OS:050",sedang,tinggi,mahal,critical,laris
167,12821-60A01-000,"SPRING,TENSIONER",sedang,rendah,murah,critical,tidak laris
168,17550-77500-000,"PIPE,WATER INLET",banyak,tinggi,mahal,fast,tidak laris
169,23269-60A00-000,"SPRING,CLUTCH RLSE RTN",banyak,rendah,murah,critical,tidak laris
170,24110-77500-000,"SHAFT,T/M INPUT",sedang,rendah,mahal,critical,tidak laris
171,24741-77501-000,"RETAINER,INPUT SHAFT BEARING",sedang,rendah,murah,critical,tidak laris
172,35170-77500-000,SOCKET,banyak,tinggi,murah,fast,laris
173,37610-77500-000,"SWITCH ASSY,BACK-UP LAMP",sedang,rendah,murah,slow,tidak laris
174,38102-77500-000,"LINK ASSY,WIPER",sedang,rendah,mahal,critical,tidak laris
175,41331-77500-000,"BUSHING,REAR SPRING,FRONT",banyak,tinggi,murah,critical,laris
176,42150-77500-000,"BUMPER COMP,REAR SPRING",banyak,tinggi,murah,slow,laris
177,45341-77500-000,"BUSHING,TENSION ROD",sedang,tinggi,murah,critical,laris
178,48500-77500-000,"BOX ASSY,STRG GEAR",dikit,rendah,mahal,critical,laris
179,48534-77500-000,"PLUNGER,STEERING RACK",sedang,rendah,murah,critical,tidak laris
180,48571-77500-000,"BOOT,STEERING RACK,NO.1",banyak,rendah,murah,critical,tidak laris
181,48572-77500-000,"BOOT,STEERING RACK,NO.2",banyak,tinggi,murah,critical,laris
182,48900-77500-000,"ROD ASSY,STEERING DRAG",sedang,rendah,mahal,critical,tidak laris
183,49400-77500-000,"PEDAL ASSY,ACCEL",sedang,rendah,mahal,critical,tidak laris
184,62381-79000-000,"NUT,INSTRUMENT PANEL SUPPORT",banyak,tinggi,murah,fast,laris
185,09283-17022-000,"SEAL,OIL,17X28X7",banyak,tinggi,murah,fast,laris
186,23266-77501-000,"ARM,CLUTCH RLSE",sedang,rendah,murah,critical,tidak laris
187,33321-63B10-000,"CAP,DISTRIBUTOR",dikit,rendah,murah,slow,tidak laris
188,38274-74300-000,CAP,banyak,rendah,murah,slow,tidak laris
189,81810-77500-000,"STOP COMP,FRONT DOOR OPEN",sedang,tinggi,murah,slow,laris
190,84752-85700-5PK,"GARNISH,BRKT INR,R(BLACK)",sedang,rendah,murah,slow,tidak laris
191,38101-70A00-000,"MOTOR ASSY,WIPER",dikit,tinggi,mahal,critical,laris
192,53402-63B00-000,"CYLINDER ASSY,REAR WHEEL L",sedang,tinggi,mahal,critical,laris
193,15101-63B04-000,"GAUGE & PUMP SET,FUEL",dikit,rendah,mahal,critical,laris
194,37400-60B12-000,"SWITCH ASSY,COMB",dikit,rendah,mahal,slow,tidak laris
195,12761-77500-000,"BELT,TIMING",sedang,rendah,murah,critical,tidak laris
196,09283-50005-000,"SEAL,OIL,50X65X7",banyak,tinggi,murah,fast,laris
197,46630-60B01-000,"JOINT,STABILIZER BAR",sedang,rendah,murah,critical,tidak laris
198,41800-72C50-000,"STRUT ASSY,REAR SUSPENSION",dikit,rendah,mahal,critical,laris
199,43431-60B20-000,"SEAL,FR WHL BRG INNER OIL",banyak,tinggi,murah,fast,laris
200,34113-70A01-000,"HOOD ASSY,METER",sedang,tinggi,mahal,slow,tidak laris
201,11189-73002-000,"GASKET,CYLINDER HEAD",sedang,tinggi,murah,critical,laris
202,49160-60E10-000,"PULLEY,BELT TENSION",sedang,rendah,mahal,critical,tidak laris
203,09280-24009-000,"O RING,D:3.6,ID:23.5",banyak,tinggi,murah,fast,laris
204,09401-57901-000,CLAMP,sedang,tinggi,murah,slow,laris
205,09440-05037-000,SPRING,banyak,tinggi,murah,critical,laris
206,09440-08029-000,SPRING,banyak,tinggi,murah,critical,laris
207,11710-60A01-000,"MOUNTING COMP,ENG RR",banyak,tinggi,mahal,critical,laris
208,14181-60A20-000,"GASKET,EXH MANIF & CTR PIPE",dikit,tinggi,mahal,critical,laris
209,28138-60A01-000,"BOOT,GEAR SHF CONT LEVER NO.3",banyak,rendah,murah,slow,tidak laris
210,34810-60A11-000,"GAUGE ASSY,FUEL LEVEL",dikit,tinggi,mahal,critical,laris
211,38450-61A00-000,"TANK ASSY,WASHER",sedang,rendah,mahal,slow,tidak laris
212,48721-60A00-000,"ARM,IDLER",banyak,tinggi,mahal,critical,laris
213,48750-60A00-000,"BUSHING,IDLER ARM",sedang,tinggi,murah,critical,laris
214,53441-56B00-000,"SPRING,WHEEL CYLINDER",sedang,tinggi,murah,critical,laris
215,72115-56B01-000,"CLIP,FRONT GRILLE",banyak,tinggi,murah,slow,laris
216,72115-60A00-000,"CLIP,FRONT GRILLE",sedang,tinggi,murah,slow,laris
217,72481-60A01-000,"LINING,FRONT FENDER,R",sedang,rendah,mahal,slow,tidak laris
218,72482-60A01-000,"LINING,FRONT FENDER,L",sedang,tinggi,mahal,slow,tidak laris
219,73610-60A10-5PK,"LOUVER,CENTER VENT",banyak,tinggi,mahal,slow,tidak laris
220,09263-25051-000,"BEARING,25.4X33.3X31.7",sedang,tinggi,murah,critical,laris
221,15410-63401-000,FUEL FILTER ST-100/SJ-410,banyak,tinggi,murah,fast,laris
222,73210-70A00-5PK,"LOUVER ASSY,VENTILATOR,R",sedang,tinggi,murah,slow,laris
223,11141-73003-000,"GASKET,CYLINDER HEAD",sedang,tinggi,mahal,critical,laris
224,53401-56B00-000,"CYLINDER ASSY,RR WHEEL BRAKE,R",sedang,rendah,mahal,critical,tidak laris
225,55191-56B00-000,"PIN,CYLINDER SLIDE",sedang,tinggi,murah,critical,laris
226,09265-25029-000,"BEARING,25X52X19.25",banyak,tinggi,mahal,critical,laris
227,12911-71C00-000,"VALVE,INTK",sedang,rendah,murah,critical,tidak laris
228,23820-70C00-000,"CYLINDER ASSY,CLUTCH OPERATING",dikit,rendah,mahal,critical,laris
229,24431-70C00-000,"RING,1ST GEAR SYNCH",sedang,rendah,murah,critical,tidak laris
230,27432-70C00-000,"SEAL,DIFF SIDE OIL",banyak,tinggi,murah,fast,laris
231,09448-31030-000,SPRING,sedang,tinggi,murah,critical,laris
232,73220-70A00-5PK,"LOUVER ASSY,VENTILATOR,L",banyak,rendah,murah,slow,tidak laris
233,37400-80421-000,"SWITCH ASSY,COMB",dikit,rendah,mahal,slow,tidak laris
234,17110-60A00-000,"FAN,ENGINE COOLING",sedang,tinggi,murah,critical,laris
235,16910-60A01-000,"GAUGE,OIL LEVEL",banyak,tinggi,murah,critical,laris
236,15110-63810-000,"PUMP SET,FUEL",dikit,rendah,mahal,critical,laris
237,24431-74050-000,"RING,HIGH SPEED SYNC",sedang,rendah,mahal,critical,tidak laris
238,12810-71C02-000,"TENSIONER,TIMING BELT",sedang,tinggi,mahal,critical,laris
239,28113-50E60-5ES,"KNOB,GEAR SHF CONT LEVER(BLACK",sedang,rendah,murah,slow,tidak laris
240,17561-60B00-000,"CAP,WATER THERMOSTAT",banyak,tinggi,murah,slow,laris
241,17932-60B10-000,"CAP,WATER RESERVE TANK",dikit,rendah,murah,slow,tidak laris
242,77122-60B00-000,"SEAL,TRUNK LID GARNISH",banyak,tinggi,murah,fast,laris
243,23264-60A00-000,"BUSH,CLUTCH RLSE SHAFT NO.1",sedang,rendah,murah,critical,tidak laris
244,33230-60A30-000,"CONTROLLER ASSY,VACUUM",sedang,tinggi,mahal,critical,laris
245,37610-83001-000,"SWITCH ASSY,BACK UP LAMP",sedang,tinggi,murah,slow,laris
246,84701-83000-5PK,"MIRROR ASSY,OUT REAR VIEW,R",sedang,rendah,mahal,slow,tidak laris
247,48900-82C00-000,"ROD ASSY,STRG DRAG",dikit,rendah,mahal,critical,laris
248,71810-80111-000,"BUMPER,REAR",sedang,rendah,mahal,slow,tidak laris
249,75191-56B00-000,"GARNISH,LUGGAGE MAT END",sedang,rendah,mahal,slow,tidak laris
250,72115-57C10-000,"NET,FRONT GRILLE",sedang,tinggi,murah,slow,laris
251,73610-50A00-6GL,"LOUVER COMP,CENTER VENTILATOR",sedang,tinggi,mahal,slow,tidak laris
252,13701-80X50-000,"CLEANER ASSY,AIR",banyak,tinggi,mahal,fast,tidak laris
253,43462-77501-000,"BEARING,FR WHEEL",sedang,tinggi,mahal,critical,laris
254,24780-60A50-000,"SEAL,EXTENSION CASE OIL",banyak,tinggi,murah,fast,laris
255,35650-55F00-000,"LAMP UNIT,RR COMB,R (VAN)",dikit,rendah,mahal,slow,tidak laris
256,35670-55F00-000,"LAMP UNIT,RR COMB,L (VAN)",dikit,rendah,mahal,slow,tidak laris
257,36210-55F00-6GS,"LAMP ASSY,DOME RR(GRAY)",dikit,rendah,mahal,slow,tidak laris
258,35120-83000-000,"UNIT,HEADLAMP",sedang,tinggi,mahal,critical,laris
259,36410-79030-000,"LAMP ASSY,SIDE TURN SIGNAL RH",dikit,rendah,mahal,slow,tidak laris
260,09103-12048-000,"BOLT,12X90",sedang,tinggi,murah,critical,laris
261,11620-60B11-000,"MOUNTING,ENGINE LH",sedang,tinggi,mahal,critical,laris
262,09168-20003-000,"GASKET,20X27X2",sedang,rendah,murah,critical,tidak laris
263,38860-72G00-000,"RELAY ASSY,MAIN & FUEL",banyak,tinggi,murah,critical,laris
264,13421-58B00-000,"GASKET,THROTTLE BODY",sedang,tinggi,murah,critical,laris
265,37670-60A02-000,"SWITCH ASSY,DOOR",sedang,rendah,murah,slow,tidak laris
266,49114-60A00-000,SEAL SET,banyak,rendah,mahal,fast,tidak laris
267,25517-60B01-000,"SEAL,GEAR SHIFT OIL",banyak,tinggi,murah,fast,laris
268,11910-60A03-000,"BUSH,TORQUE STOPPER",sedang,rendah,mahal,critical,tidak laris
269,73416-77501-000,"SPRING,GLOVE BOX LID LOCK",sedang,rendah,murah,critical,tidak laris
270,49214-82C00-000,"HOSE,SUCTION",banyak,rendah,murah,fast,tidak laris
271,48400-80250-5ES,"COVER SET,STEERING COLUMN",dikit,rendah,mahal,slow,tidak laris
272,12140-61G50-000,"RING SET,PISTON",sedang,rendah,murah,critical,tidak laris
273,12140-61G50-025,"RING SET,PISTON,OS:0.25",sedang,tinggi,mahal,critical,laris
274,12140-61G50-050,"RING SET,PISTON,OS:0.50",sedang,tinggi,murah,critical,laris
275,13260-61BT0-000,SOLENOID SET,dikit,rendah,mahal,critical,laris
276,58410-60A30-000,"HINGE,FRONT HOOD,L",banyak,rendah,mahal,slow,tidak laris
277,83791-83011-5ES,"GARNISH,FR DOOR TRIM UPPER,R",sedang,tinggi,murah,slow,laris
278,83792-83011-5ES,"GARNISH,FR DOOR TRIM UPPER,L",sedang,rendah,murah,slow,tidak laris
279,48830-50G10-000,"TIE-ROD COMP,STEERING",sedang,rendah,mahal,critical,tidak laris
280,11610-58B10-000,"MOUNTING,ENG FRONT",dikit,rendah,mahal,critical,laris
281,78470-50C00-000,FRAME TOP BOW,dikit,rendah,mahal,slow,tidak laris
282,09409-06309-5ES,CLIP(BLACK),banyak,tinggi,murah,slow,laris
283,28231-60B10-000,"BUSH,CONT SHAFT",sedang,tinggi,murah,critical,laris
284,82850-61A01-000,"HANDLE,BACK DOOR OUT",banyak,tinggi,murah,slow,laris
285,13650-50G01-000,"SENSOR,WATER TEMP",banyak,tinggi,mahal,critical,laris
286,22100-60G20-000,"COVER ASSY,CLUTCH",sedang,tinggi,mahal,slow,tidak laris
287,72381-60G00-000,"COVER,ENGINE UNDER,R",sedang,tinggi,murah,slow,laris
288,17931-60G00-000,"TANK,WATER RESERVE",banyak,tinggi,murah,fast,laris
289,84623-60G00-000,MOLDING BACK WINDOW UPPER,sedang,tinggi,mahal,slow,tidak laris
290,37400-60G50-000,"SWITCH ASSY,COMB",sedang,rendah,mahal,slow,tidak laris
291,11610-60G10-000,"MOUNTING COMP,ENGINE,RH",dikit,rendah,mahal,critical,laris
292,51220-50F00-000,"CAP,RESERVOIR",sedang,tinggi,murah,slow,laris
293,11620-62G01-000,"MOUNTING COMP,ENGINE,LH",sedang,tinggi,mahal,critical,laris
294,54410-56B60-000,"CABLE COMP,PARKING BRAKE,R",sedang,rendah,mahal,critical,tidak laris
295,12610-61G00-000,"PULLEY,CRANKSHAFT",sedang,rendah,mahal,critical,tidak laris
296,46200-50830-000,"ARM SET,REAR SUSPENSION",sedang,rendah,mahal,critical,tidak laris
297,11710-62G00-000,"MOUNTING COMP,ENGINE,RR",dikit,rendah,mahal,critical,laris
298,17561-63B01-000,"CAP,WATER THERMOSTAT",sedang,tinggi,murah,slow,laris
299,11349-60A01-000,"GASKET,OIL SEAL HOUSING",sedang,rendah,murah,critical,tidak laris
300,29610-82C01-000,"MOUNTING,T/F",sedang,rendah,murah,critical,tidak laris
301,23800-70810-000,PISTON & CUP SET,dikit,rendah,murah,critical,tidak laris
302,09283-44011-000,"SEAL,OIL,44X62X8",banyak,tinggi,murah,fast,laris
303,26130-60G00-000,"GEAR COMP,SPEEDOMETER DRIVEN",sedang,rendah,mahal,critical,tidak laris
304,43420-50820-000,"HUB SET,FRONT WHEEL",dikit,rendah,mahal,critical,laris
305,45200-60830-000,"ARM SET,FR SPNSN RH",dikit,rendah,mahal,critical,laris
306,72121-77501-27N,"GARNISH, HEAD LAMP LH",dikit,rendah,mahal,slow,tidak laris
307,26131-77510-000,"GEAR,SPEEDOMETER DRIVEN",sedang,tinggi,murah,critical,laris
308,55840-64G00-000,PISTON/SEAL SET,dikit,rendah,murah,critical,tidak laris
309,35121-77502-27N,"UNIT,HEADLAMP,RH",dikit,rendah,mahal,critical,laris
310,35321-77502-27N,"UNIT,HEADLAMP,LH",dikit,rendah,mahal,critical,laris
311,38720-75F30-000,"CONTROLLER ASSY,POWER STRG",dikit,rendah,mahal,critical,laris
312,11710-75F00-000,"MOUNTING,ENGINE RR",sedang,tinggi,murah,critical,laris
313,11875-54E00-000,"MOUNTING,T/M",sedang,tinggi,murah,critical,laris
314,15110-75FS0-000,PUMP/FILTER ASSY,dikit,rendah,mahal,critical,laris
315,17561-60B61-000,"CAP,WATER THERMOSTAT",banyak,rendah,murah,slow,tidak laris
316,24240-64B00-000,GEAR INPUT SHAFT 4TH,sedang,tinggi,mahal,critical,laris
317,39250-70B40-000,ANTENNA ASSY,sedang,tinggi,mahal,slow,tidak laris
318,41741-50E00-000,"BEARING,FRONT STRUT",banyak,tinggi,murah,critical,laris
319,48810-76G00-000,"END COMP,STEERING TIE-ROD",sedang,tinggi,mahal,critical,laris
320,52241-84010-000,"PIN,SHOE HOLD DOWN",sedang,tinggi,murah,critical,laris
321,52400-84811-000,PISTON CUP&BOOT SET,dikit,rendah,mahal,critical,laris
322,55192-75F00-000,"PIN,CYLINDER SLIDE,NO.2",banyak,rendah,murah,critical,tidak laris
323,77191-50G00-000,SPRING FUEL INLET LID,sedang,tinggi,murah,critical,laris
324,78163-50E00-000,END ROOF MOLDING RR L,sedang,tinggi,murah,slow,laris
325,84611-75F00-000,MOLDING WINDSHIELD,dikit,rendah,mahal,slow,tidak laris
326,17852-60G10-000,"HOSE,RADIATOR,INLET",banyak,tinggi,murah,fast,laris
327,33220-50G02-000,"SENSOR ASSY,CAM POSITION",sedang,tinggi,mahal,critical,laris
328,72311-65G00-000,"LINNING,FRONT FENDER,R",dikit,rendah,mahal,slow,tidak laris
329,72316-65G00-000,"LINNING,FRONT FENDER L",sedang,rendah,mahal,slow,tidak laris
330,14182-64B03-000,"GASKET,EXH PIPE",sedang,tinggi,murah,critical,laris
331,36210-50E61-6GS,"LAMP ASSY,ROOM(GRAY)",banyak,rendah,mahal,slow,tidak laris
332,09448-21005-000,SPRING,sedang,tinggi,murah,critical,laris
333,17700-77E20-000,RADIATOR ASSY,dikit,rendah,mahal,critical,laris
334,27431-60G10-000,"SEAL ,DIFF SIDE OIL",banyak,tinggi,murah,fast,laris
335,27441-60G10-000,"SEAL ,DIFF SIDE R",banyak,tinggi,murah,fast,laris
336,72831-65D10-000,"BRACKET,SPARE TIRE COVER",banyak,tinggi,murah,slow,laris
337,35650-65D10-000,"LAMP UNIT,RR COMB,RH",dikit,rendah,mahal,slow,tidak laris
338,35670-65D10-000,"LAMP UNIT,RR COMB,LH",dikit,rendah,mahal,slow,tidak laris
339,49114-64G10-000,SEAL SET,sedang,tinggi,murah,fast,laris
340,09159-12057-000,NUT,banyak,tinggi,murah,fast,laris
341,09280-34005-000,"O RING,D:3.5,ID:33.7",banyak,tinggi,murah,fast,laris
342,09283-28014-000,"SEAL,OIL,28X50X8",banyak,rendah,murah,fast,tidak laris
343,09283-98002-000,"SEAL,OIL,98X116X10",banyak,tinggi,murah,fast,laris
344,11146-85FA1-000,"BOLT,CYLINDER HEAD",banyak,rendah,murah,critical,tidak laris
345,11188-85FA0-000,"WASHER,CYL HEAD COVER SEAL",banyak,tinggi,murah,critical,laris
346,11189-77E00-000,"GASKET,CYLINDER HEAD COVER",sedang,tinggi,murah,critical,laris
347,11610-65D00-000,"MOUNTING,ENGINE,FRONT",sedang,tinggi,mahal,critical,laris
348,12140-86FA0-050,"RING SET,PISTON,OS:0.50",sedang,tinggi,mahal,critical,laris
349,12615-85FA0-000,"BOLT,CRANKSHAFT PULLEY",sedang,tinggi,murah,critical,laris
350,12631-77E00-000,"SPROCKET,CRANKSHAFT TIMING",sedang,tinggi,murah,critical,laris
351,12741-77E00-000,"SPROCKET,CAMSHAFT TIMING",sedang,rendah,murah,critical,tidak laris
352,12762-77E00-000,"CHAIN COMP,TIMING,2ND",banyak,rendah,murah,critical,tidak laris
353,12771-77E00-000,"GUIDE,TIMING CHAIN,NO.1",banyak,tinggi,murah,critical,laris
354,12811-77E00-000,"TENSIONER,TIMING CHAIN",banyak,tinggi,mahal,critical,laris
355,12835-77E00-000,"GASKET,TENSIONER ADJ,NO,2",sedang,tinggi,murah,critical,laris
356,15910-60A03-000,"CABLE ASSY,ACCEL(RH)",sedang,rendah,murah,critical,tidak laris
357,16100-65D00-000,"PUMP ASSY,OIL",sedang,rendah,mahal,critical,tidak laris
358,16760-77E01-000,"CHAIN,OIL PUMP DRIVE",banyak,tinggi,mahal,critical,laris
359,17110-65D00-000,"FAN,ENGINE COOLING",banyak,tinggi,mahal,critical,laris
360,17511-77E00-000,"PULLEY,WATER PUMP",sedang,tinggi,murah,critical,laris
361,17530-77E00-000,"PULLEY,GEN BELT IDLER",dikit,rendah,mahal,critical,laris
362,17579-77EA0-000,"GASKET,WTR OUTLET CAP",sedang,rendah,murah,critical,tidak laris
363,17590-77EA1-000,"PIPE,WATER BYPASS",banyak,tinggi,murah,fast,laris
364,17761-77EA0-000,"SHROUD,FAN",sedang,tinggi,mahal,critical,laris
365,17841-77EA0-000,"HOSE,RADIATOR,INLET",banyak,tinggi,murah,fast,laris
366,17851-77EA0-000,"HOSE,RADIATOR,OUTLET",banyak,tinggi,murah,fast,laris
367,17859-77EA1-000,"HOSE,WATER BYPASS",banyak,tinggi,murah,fast,laris
368,17871-65D00-000,"HOSE,HEATER INLET",banyak,tinggi,murah,fast,laris
369,17880-77EA2-000,"PIPE,HTR OUTLET",banyak,tinggi,mahal,fast,tidak laris
370,36232-65D00-000,"LENS,SPOT LAMP",sedang,tinggi,mahal,slow,tidak laris
371,37990-65D20-T01,"SWITCH ASSY,POWER WINDOW,MA",dikit,rendah,mahal,slow,tidak laris
372,38330-65D10-000,"ARM ASSY,WIPER,LH",sedang,tinggi,mahal,slow,tidak laris
373,41601-65D10-000,"STRUT ASSY,FRONT SUSPENSION,R",sedang,rendah,mahal,critical,tidak laris
374,41602-65D10-000,"STRUT ASSY,FRONT SUSPENSION,L",sedang,rendah,mahal,critical,tidak laris
375,43485-65D00-000,"RING,RR WHEEL BRG RETAINER",sedang,rendah,murah,critical,tidak laris
376,45261-65D01-000,"BUSHING,SPNSN ARM,FRONT",banyak,tinggi,murah,critical,laris
377,46300-65D00-000,"ROD ASSY,RR SPNSN,LATERAL",sedang,tinggi,mahal,critical,laris
378,48575-65D00-000,"WIRE,RACK BOOT",banyak,tinggi,murah,fast,laris
379,53231-65D00-000,"SPRING,SHOE RETURN,LOWER",sedang,tinggi,murah,critical,laris
380,53243-65D00-000,"SPRING,SHOE HOLD DOWN",sedang,rendah,murah,critical,tidak laris
381,53331-65D00-000,"SPRING,SHOE RETURN,UPPER",sedang,tinggi,murah,critical,laris
382,53792-52D00-000,"SPRING,ANTIRATTLE,L",sedang,tinggi,murah,critical,laris
383,53824-65D00-000,"SPRING,ADJUSTER",banyak,tinggi,murah,critical,laris
384,55234-77E00-000,"LINER,PAD",sedang,rendah,murah,slow,tidak laris
385,72112-65D10-0PG,GARNISH FR GRILLE UPPER(CHROME),sedang,rendah,mahal,slow,tidak laris
386,72481-65D10-000,"LINING,FRONT FENDER R",sedang,rendah,mahal,slow,tidak laris
387,72482-65D10-000,LINING FRONT FENDER L,dikit,tinggi,mahal,slow,tidak laris
388,73430-60870-T01,LOCK GLOVE BOX,dikit,tinggi,mahal,slow,tidak laris
389,75521-65D10-000,"LINING, REAR WHEEL HSG, R",sedang,rendah,mahal,slow,tidak laris
390,75531-65DA0-000,"LINING, REAR WHEEL HOUSING, LH",sedang,rendah,mahal,slow,tidak laris
391,77312-65D00-000,"WEATHERSTRIP, COWL TOP",sedang,tinggi,murah,slow,laris
392,77541-65D00-5PK,"MOLDING, ROOF DRIP, R",sedang,rendah,mahal,slow,tidak laris
393,77553-65D10-000,"CLIP, SPLASH GUARD",sedang,tinggi,murah,slow,laris
394,78226-65D01-1YW,"CAP,ROOF RAIL FR L",banyak,tinggi,mahal,slow,tidak laris
395,83660-65D00-000,"RUN COMP, FR DOOR GLASS, R",sedang,rendah,mahal,slow,tidak laris
396,83680-65D00-000,"RUN COMP, FR DOOR GLASS, L",sedang,rendah,mahal,slow,tidak laris
397,83810-65D00-000,"WEATHERSTRIP COMP, FR DR OUT, R",sedang,tinggi,mahal,slow,tidak laris
398,83820-65D00-000,"WEATHERSTRIP COMP, FR DR OUT, L",sedang,rendah,mahal,slow,tidak laris
399,83830-65D00-000,"WEATHERSTRIP COMP, RR DR OUT, R",banyak,rendah,mahal,slow,tidak laris
400,83840-65D00-000,"WEATHERSTRIP COMP, RR DR OUT, L",sedang,tinggi,mahal,slow,tidak laris
401,84611-65D00-5PK,MOLDING WINDSHIELD,sedang,rendah,mahal,slow,tidak laris
402,89311-65DA0-000,"PROTECTOR,FILLER HOSE",sedang,rendah,mahal,slow,tidak laris
403,33278-77E10-000,O RING,banyak,tinggi,murah,fast,laris
404,43420-77810-000,"HUB SET,FRONT WHEEL",dikit,rendah,mahal,critical,laris
405,11710-77E11-000,"MOUNTING,ENG,RR",sedang,tinggi,mahal,critical,laris
406,24971-57B00-000,"KEY,WOODRUFF",dikit,rendah,murah,slow,tidak laris
407,29799-54D10-000,"SEAL,OIL PUMP BODY",banyak,tinggi,murah,fast,laris
408,12631-86510-000,"PULLEY,CRANK TIMING BELT",sedang,tinggi,murah,critical,laris
409,56451-65D00-000,"RING,REAR WHEEL SENSOR",sedang,tinggi,murah,critical,laris
410,71711-65D00-799,BUMPER FRT,dikit,rendah,mahal,slow,tidak laris
411,36210-60G01-6GS,"LAMP ASSY,ROOM(GRAY)",banyak,tinggi,mahal,slow,tidak laris
412,41710-54G10-000,"SUPPORT COMP,FRONT STRUT",dikit,tinggi,mahal,critical,laris
413,77811-75F01-0PG,EMBLEM S MARK,sedang,rendah,murah,slow,tidak laris
414,77811-60G01-0PG,EMBLEM S MARK,sedang,rendah,murah,slow,tidak laris
415,13780-75F00-000,"ELEMENT,AIR CLEANER",banyak,tinggi,murah,fast,laris
416,11710-80011-000,"MOUNTING,ENG RR",banyak,tinggi,murah,critical,laris
417,12151-60D00-000,"PIN,PISTON",sedang,tinggi,murah,critical,laris
418,48534-50F00-000,"PLUNGER,STEERING RACK",sedang,tinggi,murah,critical,laris
419,44220-73AV0-000,"SHAFT ASSY,REAR AXLE,L",dikit,rendah,mahal,critical,laris
420,42412-65D00-000,"BUSHING,STAB BAR MOUNT",sedang,rendah,murah,critical,tidak laris
421,55201-56B01-000,"BOOT,PIN",sedang,rendah,murah,critical,tidak laris
422,11402-61872-000,"GASKET SET,ENGINE",dikit,rendah,mahal,critical,laris
423,35120-54G10-000,"UNIT,HEADLAMP,R",dikit,rendah,mahal,critical,laris
424,35320-54G10-000,"UNIT,HEADLAMP,L",sedang,rendah,mahal,critical,tidak laris
425,35650-54G00-000,"LAMP UNIT,RR COMB,R",dikit,rendah,mahal,slow,tidak laris
426,35670-54G00-000,"LAMP UNIT,RR COMB,L",dikit,rendah,mahal,slow,tidak laris
427,71711-54G00-799,BUMPER FRONT,dikit,rendah,mahal,slow,tidak laris
428,71811-54G00-799,BUMPER REAR,dikit,rendah,mahal,slow,tidak laris
429,83401-54G20-000,REGULATOR ASSY FR W/D R,sedang,rendah,mahal,critical,tidak laris
430,44210-73AV0-000,"SHAFT ASSY,REAR AXLE,R",dikit,rendah,mahal,critical,laris
431,17559-73010-000,"GASKET,WATER INLET",sedang,tinggi,murah,critical,laris
432,27431-73H30-000,SEAL OIL,banyak,tinggi,murah,fast,laris
433,83811-54G00-000,WEATHERSTRIP FR DOOR RH,sedang,tinggi,mahal,slow,tidak laris
434,11710-65G50-000,"MOUNTING,ENGINE RR",dikit,rendah,mahal,critical,laris
435,12140-54G00-000,"RING SET,PISTON(STD)",sedang,tinggi,mahal,critical,laris
436,12221-69GA0-000,CRANKSHAFT,dikit,rendah,mahal,critical,laris
437,83821-54G00-000,WEATHERSTRIP FR DOOR LH,sedang,rendah,mahal,slow,tidak laris
438,09283-83001-000,"SEAL,OIL,83X103X8",banyak,tinggi,murah,fast,laris
439,37990-54G11-P4Z,"SWITCH ASSY,P/W MAIN(GRAY)",dikit,rendah,mahal,slow,tidak laris
440,45540-54G00-000,"BUSHING,SPNSN ARM,REAR",banyak,tinggi,murah,critical,laris
441,77811-54G10-GB2,EMBLEM MARK S,sedang,rendah,murah,slow,tidak laris
442,77821-54G00-0PG,EMBLEM AERIO (CHROME),dikit,rendah,murah,slow,tidak laris
443,09112-08004-000,"BOLT,8X25",sedang,rendah,murah,critical,tidak laris
444,11620-54G11-000,"MOUNTING,ENGINE LH",sedang,tinggi,mahal,critical,laris
445,12610-69G00-000,"PULLEY COMP,CRANKSHAFT",sedang,tinggi,mahal,critical,laris
446,48526-54G00-000,"MOUNT,STEERING RACK SIDE",sedang,rendah,murah,critical,tidak laris
447,48830-54G00-000,"TIE-ROD COMP,STEERING",sedang,rendah,mahal,critical,tidak laris
448,49140-54G00-000,"TANK ASSY,POWER STEERING",sedang,tinggi,mahal,critical,laris
449,49222-54G70-000,"HOSE,SUCTION",sedang,tinggi,murah,fast,laris
450,49223-54G10-000,"HOSE,RETURN GEAR SIDE",sedang,rendah,mahal,fast,tidak laris
451,84512-54G00-000,MOLDINGWINDSHIELD,sedang,tinggi,mahal,slow,tidak laris
452,38480-54G00-000,"NOZZLE,WASHER",banyak,tinggi,murah,fast,laris
453,56210-54G00-000,"SENSOR COMP,FR WHEEL,R",sedang,tinggi,mahal,critical,laris
454,56310-54G00-000,"SENSOR,RR WHEEL,R",sedang,tinggi,mahal,critical,laris
455,64850-55G00-000,"DOOR COMP, FUEL FILLER",sedang,tinggi,murah,slow,laris
456,09471-12195-000,"BULB,12V5W",banyak,tinggi,murah,fast,laris
457,17581-69G00-000,"CAP,WATER OUTLET",dikit,rendah,murah,slow,tidak laris
458,23260-75C01-000,"SHAFT COMP,CLUTCH RELEASE",banyak,rendah,murah,critical,tidak laris
459,26543-55GT0-000,"PISTON SET,C-2 ACCUMULATOR",sedang,tinggi,murah,critical,laris
460,27831-54G00-000,BEARING DRIVE INTERMEDIATE,sedang,tinggi,mahal,critical,laris
461,35118-76F00-000,"SOCKET,POSITION LAMP",banyak,tinggi,murah,fast,laris
462,37111-54G00-000,SWITCH ASSY,sedang,rendah,mahal,slow,tidak laris
463,37670-76G00-000,"SWITCH ASSY,DOOR",sedang,tinggi,murah,slow,laris
464,55191-78A00-000,"PIN,CYLINDER SLIDE",sedang,tinggi,murah,critical,laris
465,72381-54G02-000,COVER ENGINE UNDER R,banyak,tinggi,murah,slow,laris
466,72382-54G11-000,COVER ENGINE UNDER L,sedang,tinggi,murah,slow,laris
467,83831-54G00-000,WEASTHERSTRIP RR DOOR OUTER R,sedang,rendah,mahal,slow,tidak laris
468,83841-54G00-000,WEATHERSTRIP RR DOOR OUTER L,sedang,tinggi,mahal,slow,tidak laris
469,65100-57820-000,PANEL SET ROOF,dikit,rendah,mahal,slow,tidak laris
470,58410-65D10-000,"HINGE COMP,FRONT HOOD,R",banyak,tinggi,mahal,slow,tidak laris
471,11100-52G01-000,"HEAD ASSY,CYLINDER",dikit,rendah,mahal,critical,laris
472,71711-65DD1-799,BUMPER FR (PRIMARY),dikit,rendah,mahal,slow,tidak laris
473,11141-86FA1-000,"GASKET,CYLINDER HEAD RH",dikit,rendah,mahal,critical,laris
474,11142-86FA1-000,"GASKET,CYLINDER HEAD LH",sedang,rendah,mahal,critical,tidak laris
475,78132-54G00-5PK,CAP FRT MOLDING,sedang,tinggi,murah,slow,laris
476,12631-67D00-000,"SPROCKET,CRANKSHAFT TIMING",sedang,tinggi,mahal,critical,laris
477,12632-67D00-000,"SPROCKET,OIL PUMP DRIVE",sedang,rendah,murah,critical,tidak laris
478,12742-85FA0-000,"SPROCKET,CAMSHAFT TIMING,LH",dikit,rendah,mahal,critical,laris
479,12745-85FA0-000,"SPROCKET COMP,IDLER,NO.1",sedang,rendah,mahal,critical,tidak laris
480,12762-85FA0-000,"CHAIN COMP,TIMING 2ND,RH",sedang,tinggi,mahal,critical,laris
481,12774-85FA1-000,"GUIDE,TIMING CHAIN,NO.4",sedang,tinggi,murah,critical,laris
482,13119-77E00-000,"GASKET,INTAKE MANIFOLD",banyak,rendah,murah,critical,tidak laris
483,13122-67D00-000,"GASKET,COLLECTOR",dikit,rendah,murah,critical,tidak laris
484,13421-77E00-000,"GASKET,THROTTLE BODY",sedang,tinggi,murah,critical,laris
485,16760-85FA0-000,"CHAIN COMP,OIL PUMP DRIVE",sedang,tinggi,murah,critical,laris
486,17858-77E00-000,"HOSE,WATER HEAD,L",banyak,tinggi,murah,fast,laris
487,17871-67D20-000,"HOSE,HEATER INLET",banyak,tinggi,murah,fast,laris
488,18134-67D00-000,"GASKET,IAC VALVE",sedang,rendah,murah,critical,tidak laris
489,22860-57BT0-000,"RING SET,O/P SEAL",sedang,rendah,mahal,critical,tidak laris
490,22931-52D10-000,"HOSE,OIL",banyak,tinggi,murah,fast,laris
491,24114-65DU0-000,"DISK SET,O/D BRAKE",dikit,rendah,mahal,critical,laris
492,24751-67D11-000,"CABLE ASSY,THROTTLE",sedang,rendah,mahal,critical,tidak laris
493,24771-65D00-000,"HOSE,BREATHER T/M",banyak,tinggi,murah,fast,laris
494,26522-52D10-000,"PLATE,SEPARATOR",sedang,rendah,mahal,critical,tidak laris
495,26587-57B00-000,"GASKET,LWR VALVE BODY PLATE",sedang,tinggi,murah,critical,laris
496,26591-57B00-000,"SOLENOID,T/M NO.1",dikit,rendah,mahal,critical,laris
497,26632-57BT1-000,"O-RING SET,DIRECT CL",banyak,tinggi,murah,fast,laris
498,29731-57BT0-000,"O-RING,FORWARD CL ACC PSTN",banyak,tinggi,murah,fast,laris
499,29742-65DT0-000,"O-RING SET,B2 BRAKE PISTON",banyak,tinggi,murah,fast,laris
500,29743-65DT0-000,"O-RING SET,B1 BRAKE PISTON",banyak,tinggi,murah,fast,laris
501,42110-52D00-000,"STOPPER,BUMP",banyak,rendah,murah,slow,tidak laris
502,43592-52D00-000,"SEAL,RR SHAFT OIL,INNER",banyak,tinggi,murah,fast,laris
503,49100-52D00-000,"PUMP ASSY,POWER STEERING",dikit,rendah,mahal,critical,laris
504,36210-60G01-R8H,"LAMP ASSY,ROOM",sedang,tinggi,mahal,slow,tidak laris
505,36717-50J00-000,"COVER,FUSE BOX",banyak,tinggi,murah,slow,laris
506,38410-65D00-000,"PUMP ASSY,WASHER FRONT",sedang,tinggi,mahal,critical,laris
507,38610-84F21-000,"RELAY,TURN SIGNAL",sedang,rendah,mahal,critical,tidak laris
508,49225-65D10-000,"CLAMP,RETURN GEAR SIDE",sedang,rendah,murah,slow,tidak laris
509,53711-52D00-000,"LINK ASSY,R",sedang,tinggi,murah,critical,laris
510,56310-52D00-000,"SENSOR,RR WHEEL",dikit,rendah,mahal,critical,laris
511,73430-50810-R8H,"LOCK ASSY,GLOVE BOX",sedang,rendah,mahal,slow,tidak laris
512,76411-50E00-R8H,GRIP ASSISTANT,sedang,rendah,murah,slow,tidak laris
513,77842-65DA1-0PG,DECAL V6,banyak,rendah,murah,slow,tidak laris
514,82850-65D00-5PK,HANDLE BACK DOOR OUTER,sedang,rendah,murah,slow,tidak laris
515,12610-77E12-000,"PULLEY,CRANKSHAFT",dikit,rendah,mahal,critical,laris
516,12630-57B01-000,"PULLEY,CRANK TIMING BELT",sedang,rendah,murah,critical,tidak laris
517,53200-76G31-000,"SHOE SET,BRAKE",sedang,tinggi,mahal,critical,laris
518,13881-66D00-000,"HOSE,AIR CLEANER,OUTLET",sedang,rendah,mahal,fast,tidak laris
519,17550-66D00-000,"PIPE,WATER INLET",sedang,rendah,mahal,fast,tidak laris
520,17841-66D00-000,"HOSE,RADIATOR INLET",banyak,tinggi,murah,fast,laris
521,17851-66D00-000,"HOSE,RADIATOR OUTLET",banyak,tinggi,murah,fast,laris
522,28136-65D01-000,BOOT GEAR SHT CONT LEVER NO.2,banyak,rendah,murah,slow,tidak laris
523,49230-65D00-000,"HOSE,PRESSURE,PUMP SIDE",sedang,rendah,mahal,fast,tidak laris
524,71811-55G01-799,RR BUMPER (PRIMARY),dikit,rendah,mahal,slow,tidak laris
525,73821-50J00-ZS4,GARNISH I/P CENTRE,sedang,tinggi,mahal,slow,tidak laris
526,11400-65851-000,"GASKET SET,ENGINE",sedang,tinggi,mahal,critical,laris
527,38451-54G01-000,"CAP ASSY,TANK",sedang,rendah,murah,slow,tidak laris
528,12761-77E11-000,"CHAIN,TIMING 1ST",sedang,tinggi,mahal,critical,laris
529,09283-45012-000,"SEAL,OIL,45X63X7.5",banyak,tinggi,murah,fast,laris
530,23211-85F01-000,"FORK,CLUTCH RELEASE",banyak,rendah,murah,critical,tidak laris
531,23850-67D01-000,"HOSE COMP,CLUTCH OIL",banyak,tinggi,mahal,fast,tidak laris
532,37990-75F21-T01,"SWITCH ASSY,P/W MAIN(GRAY)",dikit,rendah,mahal,slow,tidak laris
533,71700-56811-5PK,BUMPER SET FR (BLK),dikit,rendah,mahal,slow,tidak laris
534,09460-01028-000,CLIP,sedang,tinggi,murah,slow,laris
535,09460-01029-000,CLIP,sedang,tinggi,murah,slow,laris
536,39312-78A00-000,"WIRE,NOISE SUUPPR",dikit,rendah,murah,slow,tidak laris
537,45313-77A01-000,"WASHER,COMPRESSION ROD",dikit,rendah,murah,critical,tidak laris
538,11100-65G03-000,"HEAD ASSY,CYLINDER",dikit,rendah,mahal,critical,laris
539,42451-76G00-000,"BUSHING,STABILIZER BAR",banyak,rendah,murah,critical,tidak laris
540,11402-61862-000,"GASKET SET,ENGINE",dikit,rendah,mahal,critical,laris
541,11810-76A00-000,"MOUNTING COMP,REAR",dikit,rendah,mahal,critical,laris
542,12140-63E50-000,"RING SET,PISTON",sedang,tinggi,mahal,critical,laris
543,12140-63E50-050,"RING SET,PISTON,OS:0.50",sedang,tinggi,mahal,critical,laris
544,13880-76A30-000,"HOSE ASSY,AIR CLEANER OUTLET",banyak,tinggi,murah,fast,laris
545,17877-77A01-000,"HOSE,HEATER RETURN",banyak,tinggi,murah,fast,laris
546,14183-75FC0-000,"RING,EXHAUST PIPE SEAL",sedang,tinggi,murah,critical,laris
547,83830-77A00-000,WEATHERSTRIP RR DR OUT,banyak,rendah,mahal,slow,tidak laris
548,84611-79A01-000,MOLDING WINDSHIELD,sedang,tinggi,mahal,slow,tidak laris
549,72382-54G01-000,"COVER, ENGINE UNDER",banyak,tinggi,murah,slow,laris
550,11620-54G02-000,"MOUNTING,ENG LH",sedang,rendah,mahal,critical,tidak laris
551,46300-59J00-000,"ROD ASSY,REAR CONTROL",sedang,tinggi,mahal,critical,laris
552,11630-60H00-000,"MOUNTING COMP,FR R",dikit,rendah,mahal,critical,laris
553,65730-80016-000,"PANEL,BODY SIDE UPPER",sedang,tinggi,mahal,slow,tidak laris
554,23266-61J01-000,"ARM,CLUTCH RELEASE",banyak,tinggi,murah,critical,laris
555,37990-61J00-R8H,"SWITCH ASSY,P/W MAIN(BEIGE)",dikit,rendah,mahal,slow,tidak laris
556,38315-74G00-000,"COVER,RR WIPER HEAD",sedang,tinggi,murah,slow,laris
557,23260-77501-000,"SHAFT,CLUTCH RELEASE",sedang,tinggi,murah,critical,laris
558,14120-83003-000,"COVER,EXH MANF,UPPER",sedang,tinggi,mahal,slow,tidak laris
559,35650-54G10-000,"LAMP UNIT,RR COMB RH",dikit,rendah,mahal,slow,tidak laris
560,35670-54G10-000,"LAMP UNIT,RR COMB LH",dikit,rendah,mahal,slow,tidak laris
561,72111-82CA0-38B,GRILLE FRONT,sedang,rendah,mahal,slow,tidak laris
562,33321-80C10-000,"CAP,DISTRIBUTOR",sedang,tinggi,murah,slow,laris
563,22400-64G80-000,"DISC,CLUTCH",sedang,rendah,mahal,critical,tidak laris
564,37400-70GC3-000,"SWITCH ASSY,COMB",sedang,rendah,mahal,slow,tidak laris
565,48550-70B10-000,"PINION,STEERING",dikit,tinggi,mahal,critical,laris
566,48550-75F60-000,"PINION,STEERING,R",dikit,rendah,mahal,critical,laris
567,17580-65D11-000,"PIPE,WATER OUTLET",banyak,tinggi,murah,fast,laris
568,12100-85824-0A0,"BEARING SET,CONNROD",dikit,rendah,murah,critical,tidak laris
569,49130-61J00-000,"BRACKET COMP,PUMP MOUNT",dikit,rendah,mahal,slow,tidak laris
570,38310-82C50-000,"ARM ASSY,WIPER,R",sedang,rendah,murah,slow,tidak laris
571,38102-50C01-000,"LINK ASSY,WIPER",sedang,rendah,mahal,critical,tidak laris
572,12100-54812-050,"PISTON SET,OS:0.50",dikit,rendah,mahal,critical,laris
573,14140-65D02-000,"GASKET,EXHAUST MANIFOLD",dikit,rendah,murah,critical,tidak laris
574,12100-54812-000,"PISTON SET,STD",sedang,rendah,mahal,critical,tidak laris
575,22100-60J00-000,"COVER ASSY,CLUTCH",sedang,rendah,mahal,slow,tidak laris
576,11620-63J00-000,"MOUNTING,ENG LH",sedang,tinggi,mahal,critical,laris
577,17570-86G00-000,"CAP,WATER OUTLET",sedang,tinggi,murah,slow,laris
578,17700-63J00-000,RADIATOR ASSY (M/T),dikit,rendah,mahal,critical,laris
579,17852-63J00-000,"HOSE,RADIATOR INLET",sedang,tinggi,murah,fast,laris
580,17871-63J00-000,"HOSE,HEATER INLET",banyak,tinggi,murah,fast,laris
581,42111-63J10-000,"STOPPER,FRONT BUMP",dikit,rendah,murah,slow,tidak laris
582,46221-63J00-000,"BUSHING,TRAILING ARM",sedang,rendah,mahal,critical,tidak laris
583,57420-63J00-000,"HINGE,FRONT HOOD,L",sedang,tinggi,murah,slow,laris
584,71751-63J10-5PK,"BEZEL,FRT FOG LAMP,R",sedang,tinggi,murah,slow,laris
585,71761-63J10-5PK,"BEZEL,FRT FOG LAMP LH",sedang,tinggi,murah,slow,laris
586,72321-63J10-000,"LINING,FR FENDER,R",banyak,tinggi,mahal,slow,tidak laris
587,72322-63J10-000,"LINING,FR FENDER,L",banyak,tinggi,mahal,slow,tidak laris
588,75511-63J00-000,"LINING,REAR FENDER, R",sedang,rendah,mahal,slow,tidak laris
589,75521-63J00-000,"LINING,REAR FENDER,L",sedang,tinggi,mahal,slow,tidak laris
590,77831-63J10-0PG,EMBLEM SWIFT (CHROME),sedang,rendah,murah,slow,tidak laris
591,17889-77EA1-000,"O RING,HTR PIPE",banyak,tinggi,murah,fast,laris
592,33410-77E22-000,"COIL ASSY,IGNITION",dikit,rendah,mahal,critical,laris
593,11518-63J01-000,"PLUG,OIL DRAIN,14X22",banyak,tinggi,murah,fast,laris
594,11710-63J20-000,"MOUNTING,ENG RR",sedang,tinggi,mahal,critical,laris
595,12100-85824-025,"BEARING SET,CONNROD,US:0.25",sedang,tinggi,murah,critical,laris
596,37480-62J20-000,"CABLE ASSY,CONTACT COIL",sedang,rendah,mahal,critical,tidak laris
597,65171-63J00-000,"BRACKET,ROOF CARRIER",banyak,tinggi,murah,slow,laris
598,12100-85824-0C0,"BEARING SET,CONNROD",sedang,tinggi,murah,critical,laris
599,12100-85824-0E0,"BEARING SET,CONNROD",sedang,tinggi,murah,critical,laris
600,11710-63J30-000,"MOUNTING,ENG RR",sedang,rendah,mahal,critical,tidak laris
601,12100-85824-0D0,"BEARING SET,CONNROD",sedang,tinggi,murah,critical,laris
602,26591-65D10-000,"SOLENOID ASSY,TRANSMISSION",dikit,rendah,mahal,critical,laris
603,26631-65DV0-000,"PLATE SET,DIRECT CL",dikit,rendah,mahal,critical,laris
604,73620-54J01-C48,"LOUVER,CENTER VENT,L",sedang,rendah,murah,slow,tidak laris
605,12772-77E01-000,"GUIDE,TIMING CHAIN NO.2",sedang,tinggi,murah,critical,laris
606,11684-65J00-000,"CUSHION,MTG MEMBER LOWER",sedang,tinggi,murah,slow,laris
607,11710-65J10-000,"MOUNTING COMP,ENG REAR",sedang,rendah,mahal,critical,tidak laris
608,11741-65J00-000,"BRACKET,ENG SPLASH COVER",sedang,tinggi,murah,slow,laris
609,11851-65D01-000,"HOOK,ENGINE",sedang,rendah,murah,critical,tidak laris
610,12140-65J50-000,"RING SET,PISTON",dikit,tinggi,mahal,critical,laris
611,12163-59J00-000,"BOLT,CONNECTING ROD",sedang,tinggi,murah,critical,laris
612,12340-85FC0-0B0,"BEARING SET,CRANKSHAFT(STD)",sedang,tinggi,murah,critical,laris
613,12340-85FC0-0C0,"BEARING SET,CRANKSHAFT(STD)",sedang,rendah,murah,critical,tidak laris
614,12340-85FC0-0D0,"BEARING SET,CRANKSHAFT(STD)",sedang,rendah,murah,critical,tidak laris
615,12610-62G12-000,"PULLEY,CRANKSHAFT",dikit,rendah,mahal,critical,laris
616,12710-65J00-000,"CAMSHAFT,INTK",sedang,rendah,mahal,critical,tidak laris
617,12931-69G00-000,"RETAINER,VALVE SPRING",sedang,tinggi,murah,critical,laris
618,13110-65J01-000,"MANIFOLD,INTAKE",dikit,rendah,mahal,critical,laris
619,13119-65J00-000,"GASKET,INTAKE MANIFOLD",sedang,tinggi,murah,critical,laris
620,13175-65J00-000,"BRACKET,ENGINE COVER",sedang,rendah,murah,slow,tidak laris
621,13421-65J00-000,"GASKET,THROTTLE BODY",sedang,rendah,murah,critical,tidak laris
622,13491-65J00-000,"HOSE,THROT BODY INLET NO.2",banyak,tinggi,murah,fast,laris
623,13700-65J00-000,"CLEANER ASSY,AIR",banyak,tinggi,mahal,fast,tidak laris
624,13881-65J00-000,"HOSE,AIR CLEANER OUTLET",banyak,tinggi,murah,fast,laris
625,14120-65J00-000,"COVER,EXH MANF",banyak,tinggi,mahal,slow,tidak laris
626,15112-65J00-000,"PIPE,FUEL SUCTION",sedang,tinggi,murah,fast,laris
627,15195-65J00-000,"FILTER,FUEL SUCTION",banyak,tinggi,murah,fast,laris
628,22920-65J11-000,"PIPE COMP,OIL",banyak,tinggi,murah,fast,laris
629,22933-64J30-000,"HOSE,OIL NO.3",banyak,rendah,murah,fast,tidak laris
630,22934-64J30-000,"HOSE,OIL NO.4",sedang,tinggi,murah,fast,laris
631,16520-65J00-000,"STRAINER,OIL PUMP",sedang,rendah,mahal,critical,tidak laris
632,17111-65J00-000,"FAN,COOLING (5 BLADES)",banyak,tinggi,mahal,critical,laris
633,17111-65J10-000,"FAN,COOLING (7 BLADES)",sedang,tinggi,mahal,critical,laris
634,17120-65J00-000,"MOTOR ASSY,FAN MAIN",dikit,rendah,mahal,critical,laris
635,17120-65J10-000,"MOTOR ASSY,FAN SUB",dikit,rendah,mahal,critical,laris
636,17570-65J00-000,"CAP,WTR OUTLET",dikit,tinggi,mahal,slow,tidak laris
637,17580-65J00-000,"PIPE,WTR OUTLET",sedang,tinggi,murah,fast,laris
638,17590-65J00-000,"PIPE COMP,WTR BYP",sedang,tinggi,murah,fast,laris
639,17611-65J00-000,"O RING,WATER PUMP",banyak,rendah,murah,fast,tidak laris
640,17700-65J10-000,RADIATOR ASSY (A/T),dikit,rendah,mahal,critical,laris
641,17760-65J00-000,SHROUD ASSY,dikit,rendah,mahal,slow,tidak laris
642,17813-54G01-000,"MOUNT,LOWER",sedang,tinggi,murah,critical,laris
643,17841-65J00-000,"HOSE,RADIATOR INLET",banyak,rendah,murah,fast,tidak laris
644,17842-64J00-000,"HOSE,RDTR INLET NO.2",banyak,tinggi,murah,fast,laris
645,17851-65J00-000,"HOSE,RADIATOR OUTLET",banyak,tinggi,murah,fast,laris
646,17859-65J00-000,"HOSE,WTR BYPASS",banyak,tinggi,murah,fast,laris
647,17871-65J00-000,"HOSE,HEATER INLET",banyak,rendah,murah,fast,tidak laris
648,17872-65J00-000,"HOSE,HEATER OUTLET",banyak,tinggi,murah,fast,laris
649,17880-65J00-000,"PIPE,HTR OUTLET",banyak,rendah,mahal,fast,tidak laris
650,17910-65J00-000,"NECK ASSY,WTR FILLER",sedang,tinggi,murah,critical,laris
651,17931-65J00-000,"TANK,WATER RESERVE",sedang,tinggi,murah,fast,laris
652,17938-65J00-000,"HOSE,RDTR TO RSV TANK",sedang,tinggi,murah,fast,laris
653,24151-64J00-000,"SEAL,PUMP",banyak,tinggi,murah,fast,laris
654,22950-65J10-000,"GAUGE COMP,OIL",sedang,tinggi,murah,critical,laris
655,23820-64J00-000,"CYLINDER ASSY,CLUTCH OPERATING",sedang,rendah,mahal,critical,tidak laris
656,23830-65J60-000,"PIPE,CLUTCH OIL NO.2",banyak,tinggi,murah,fast,laris
657,23881-64J20-000,"HOSE,CLUTCH RESERVOIR",banyak,tinggi,murah,fast,laris
658,24241-84A00-000,"GEAR,INPUT SHAFT 4TH",sedang,tinggi,mahal,critical,laris
659,24420-84A01-000,"HUB ASSY,5TH SPEED SYNC",dikit,rendah,mahal,critical,laris
660,25510-64J00-000,"SHAFT,GEAR SHIFT",sedang,tinggi,murah,critical,laris
661,27562-66J20-000,"MOUNTING COMP,RR DIFF FR",sedang,tinggi,mahal,critical,laris
662,28152-84A00-000,"BUSH,GR SHF CONTROL JOINT",sedang,rendah,murah,critical,tidak laris
663,29283-66J00-000,"SEAL,INPUT GEAR",banyak,tinggi,murah,fast,laris
664,29283-66J10-000,"SEAL,REAR OUTPUT SHAFT",banyak,tinggi,murah,fast,laris
665,32810-65J00-000,"SENSOR ASSY,CURRENT",sedang,tinggi,mahal,critical,laris
666,33220-77E00-000,"SENSOR,CRANK POSITION",dikit,tinggi,mahal,critical,laris
667,33970-65J00-000,"CONTROLLER ASSY,IMM(W/ILLUMI)",dikit,rendah,mahal,critical,laris
668,34810-65J00-000,"GAUGE ASSY,FUEL LEVEL",sedang,tinggi,mahal,critical,laris
669,34810-65J10-000,"GAUGE ASSY,FUEL LEVEL",sedang,rendah,mahal,critical,tidak laris
670,35120-65J41-000,"UNIT,HEADLAMP RH",dikit,rendah,mahal,critical,laris
671,37172-64J10-000,"SWITCH, KEYLESS START",sedang,tinggi,mahal,critical,laris
672,09471-12208-000,"BULB,12V35W/D2S",dikit,rendah,mahal,fast,tidak laris
673,45261-65J00-000,"BUSHING,SPNSN ARM FRONT",dikit,rendah,murah,critical,tidak laris
674,46122-65J00-000,"BUSH,RR SPNSN LATERAL LINK",dikit,rendah,murah,critical,tidak laris
675,46431-65J00-000,"BOLT,RR SPNSN CONT ROD INNER",sedang,rendah,murah,critical,tidak laris
676,46911-65J00-000,"BUSH,REAR SPNSN FRAME",sedang,tinggi,mahal,critical,laris
677,11141-77E02-000,"GASKET,CYLINDER HEAD",sedang,rendah,mahal,critical,tidak laris
678,46333-65J00-000,"WASHER,RR SPNSN CONT ROD",sedang,rendah,murah,critical,tidak laris
679,46371-65J00-000,"BUSH,RR SPNSN TRAILING ROD",banyak,tinggi,murah,critical,laris
680,37460-64J00-ZCP,"SWITCH ASSY,AUDIO CONTROL(GRAY",dikit,rendah,mahal,slow,tidak laris
681,37990-64J90-000,"SWITCH ASSY,POWER WINDOW MA",sedang,rendah,mahal,slow,tidak laris
682,38450-65J00-000,"TANK ASSY,WASHER",sedang,tinggi,murah,slow,laris
683,38452-65J00-000,"CAP,WASHER TANK",sedang,tinggi,murah,slow,laris
684,38480-65J00-000,"NOZZLE,WASHER",banyak,tinggi,murah,fast,laris
685,38491-66J00-000,"HOSE,WASHER (L:2000)",banyak,tinggi,murah,fast,laris
686,38640-65J00-000,"SENSOR ASSY,FR HEIGHT",sedang,rendah,mahal,critical,tidak laris
687,41211-65J00-000,"SEAT,COIL SPRING RUBBER UPPER",banyak,rendah,murah,critical,tidak laris
688,41230-65J00-000,"SEAT,COIL SPRING UPPER",dikit,rendah,murah,critical,tidak laris
689,41341-65J00-000,"SEAT,COIL SPRING RUBBER",sedang,rendah,murah,critical,tidak laris
690,42111-65J00-000,"STOPPER,BUMP",sedang,tinggi,murah,slow,laris
691,43511-65J00-000,"DRUM,REAR BRAKE",dikit,rendah,mahal,critical,laris
692,45111-65J00-000,"KNUCKLE,STEERING,R",dikit,rendah,mahal,critical,laris
693,45151-65J00-000,"KNUCKLE,STEERING,L",dikit,rendah,mahal,critical,laris
694,51300-65J00-000,"BOOSTER ASSY,BRAKE MASTER",dikit,rendah,mahal,critical,laris
695,55191-65J00-000,MAIN SLIDE PIN,sedang,tinggi,murah,critical,laris
696,55192-50J00-000,SLIDE PIN SET,sedang,rendah,murah,critical,tidak laris
697,55201-50J00-000,"BOOT,PIN",sedang,tinggi,murah,critical,laris
698,55206-50J00-000,"BOLT,PIN",banyak,tinggi,murah,critical,laris
699,55234-50J00-000,"LINER-A,PAD",sedang,tinggi,murah,slow,laris
700,55235-50J00-000,"LINER-B,PAD",sedang,rendah,murah,slow,tidak laris
701,57610-65J10-000,"PANEL,FRONT FENDER,R (WITH TURN SIGNAL)",dikit,rendah,mahal,slow,tidak laris
702,73610-54J01-C48,"LOUVER CENTER VENT,R",sedang,tinggi,murah,slow,laris
703,09283-44015-000,"SEAL,OIL,44X60X9.5",banyak,tinggi,murah,fast,laris
704,11100-65J01-000,"HEAD ASSY,CYLINDER",dikit,rendah,mahal,critical,laris
705,11189-65J00-000,"GASKET,CYLINDER HEAD COVER",sedang,rendah,murah,critical,tidak laris
706,11192-65J00-000,"HOSE,PCV",banyak,tinggi,murah,fast,laris
707,83719-65J00-000,"WEATHERSTRIP,FR DR INNER,R",sedang,tinggi,mahal,slow,tidak laris
708,83729-65J00-000,"WEATHERSTRIP,FR DR INNER,L",banyak,tinggi,mahal,slow,tidak laris
709,83739-65J00-000,"WEATHERSTRIP,RR DR INNER,R",sedang,tinggi,murah,slow,laris
710,83749-65J00-000,"WEATHERSTRIP,RR DR INNER,L",sedang,rendah,murah,slow,tidak laris
711,83811-65J00-000,"WEATHERSTRIP,FR DR OUT,R",banyak,rendah,murah,slow,tidak laris
712,83821-65J00-000,"WEATHERSTRIP,FR DR OUT,L",dikit,rendah,murah,slow,tidak laris
713,83831-65J00-000,"WEATHERSTRIP,RR DR OUT,R",sedang,rendah,murah,slow,tidak laris
714,83841-65J00-000,"WEATHERSTRIP,RR DR OUT,L",dikit,rendah,murah,slow,tidak laris
715,83900-76820-000,"KEY ASSY,SPARE TIRE NUT LOCK",sedang,rendah,mahal,slow,tidak laris
716,84645-65J00-000,"WEATHERSTRIP,RR DR CTR PLR,R",sedang,rendah,murah,slow,tidak laris
717,84651-65J00-000,"WEATHERSTRIP,FR DR OPNG,L",dikit,rendah,mahal,slow,tidak laris
718,84661-65J00-000,"WEATHERSTRIP,RR DR OPNG,R",sedang,rendah,mahal,slow,tidak laris
719,84671-65J00-000,"WEATHERSTRIP,RR DR OPNG,L",dikit,rendah,mahal,slow,tidak laris
720,84681-65J00-000,"WEATHERSTRIP,BACK DR OPNG",sedang,rendah,mahal,slow,tidak laris
721,77641-65J00-5PK,"MOLDING,ROOF DRIP FRT,,L (BLACK)",sedang,rendah,murah,slow,tidak laris
722,77641-65J11-5PK,"MOLDING,ROOF DRIP FRT,L (BLACK)",dikit,tinggi,murah,slow,laris
723,78219-65J10-5PK,"CAP,ROOF RAIL",sedang,rendah,murah,slow,tidak laris
724,82510-65J50-000,"LATCH ASSY,BACK DOOR",dikit,tinggi,mahal,critical,laris
725,69310-65J00-000,"HINGE, FR DOOR 1",banyak,rendah,murah,slow,tidak laris
726,71711-65J61-799,BUMPER FRONT,dikit,rendah,mahal,slow,tidak laris
727,71830-65J00-000,"HOLDER COMP, RR BUMPER NO.1",sedang,rendah,murah,slow,tidak laris
728,72481-65J00-000,"LINING, FR FENDER, R",sedang,rendah,mahal,slow,tidak laris
729,72482-65J00-000,"LINING FENDER, L",sedang,rendah,mahal,slow,tidak laris
730,72492-65J00-000,"PAD, FR FENDER RR",dikit,rendah,murah,critical,tidak laris
731,75521-65J00-000,"LINING,RR WHEEL HSG,R",dikit,rendah,mahal,slow,tidak laris
732,77541-65J00-5PK,"MOLDING,ROOF DRIP FRT,R (BLACK)",banyak,rendah,murah,slow,tidak laris
733,77541-65J11-5PK,"MOLDING,ROOF DRIP FRT,R (BLACK)",banyak,tinggi,murah,slow,laris
734,77543-65J00-5PK,"MOLDING,ROOF DRIP REAR,R (BLACK)",banyak,tinggi,mahal,slow,tidak laris
735,35320-65J41-000,"UNIT,HEADLAMP LH",sedang,tinggi,mahal,critical,laris
736,11400-65892-000,"GASKET SET,ENGINE",sedang,tinggi,mahal,critical,laris
737,12140-65J50-050,"RING SET,PISTON,OS:0.50",banyak,rendah,mahal,critical,tidak laris
738,12300-85860-0AA,"BEARING SET,CRANKSHAFT(US)",banyak,tinggi,murah,critical,laris
739,12300-85860-0BA,"BEARING SET,CRANKSHAFT(US)",dikit,rendah,murah,critical,tidak laris
740,12300-85860-0CA,"BEARING SET,CRANKSHAFT(US)",sedang,rendah,murah,critical,tidak laris
741,12300-85860-0DA,"BEARING SET,CRANKSHAFT(US)",sedang,rendah,murah,critical,tidak laris
742,12300-85860-0EA,"BEARING SET,CRANKSHAFT(US)",sedang,tinggi,murah,critical,laris
743,37145-63J01-000,"KEY,BLANK",sedang,tinggi,murah,slow,laris
744,09103-14025-000,"BOLT,14X60",sedang,rendah,murah,critical,tidak laris
745,09159-10117-000,NUT,banyak,tinggi,murah,fast,laris
746,09159-14028-000,NUT,banyak,tinggi,murah,fast,laris
747,09159-14030-000,NUT,banyak,tinggi,murah,fast,laris
748,12340-85FC0-0A0,"BEARING SET,CRANKSHAFT(STD)",sedang,tinggi,murah,critical,laris
749,12340-85FC0-B0C,"BEARING SET,CRANKSHAFT(STD)",banyak,tinggi,murah,critical,laris
750,12340-85FC0-C0D,"BEARING SET,CRANKSHAFT(STD)",sedang,tinggi,murah,critical,laris
751,12340-85FC0-D0E,"BEARING SET,CRANKSHAFT(STD)",banyak,tinggi,murah,critical,laris
752,17700-65J00-000,RADIATOR ASSY (M/T),dikit,rendah,mahal,critical,laris
753,49140-65J00-000,"TANK ASSY,POWER STEERING OIL",banyak,tinggi,mahal,critical,laris
754,49214-65J00-000,"HOSE,SUCTION",sedang,tinggi,murah,fast,laris
755,49230-65J00-000,"HOSE COMP,PRESSURE",dikit,rendah,mahal,fast,tidak laris
756,12100-85824-0B0,"BEARING SET,CONNROD",sedang,rendah,murah,critical,tidak laris
757,12220-65J01-000,CRANKSHAFT,dikit,rendah,mahal,critical,laris
758,17852-65D00-000,"HOSE,WTR BYPASS NO.2",banyak,rendah,murah,fast,tidak laris
759,28210-65J11-000,"CABLE ASSY,SELECT",sedang,tinggi,mahal,critical,laris
760,37720-65J10-000,"SWITCH ASSY,SHIFT",dikit,rendah,mahal,slow,tidak laris
761,48525-65J00-000,"BUSHING,STEERING MOUNT",sedang,rendah,murah,critical,tidak laris
762,48830-65J00-000,"TIE-ROD,STEERING",sedang,tinggi,mahal,critical,laris
763,84611-65J00-000,"MOLDING,WINDSHIELD",sedang,rendah,mahal,slow,tidak laris
764,84641-65J00-000,"WEATHERSTRIP,FT DR OPNG,R",sedang,tinggi,mahal,slow,tidak laris
765,35261-65J00-000,BALLAST ASSY,dikit,rendah,mahal,slow,tidak laris
766,14281-65J11-000,"MOUNTING,MUFFLER",sedang,tinggi,murah,critical,laris
767,83961-65J00-000,CARRIER SPARETIRE,dikit,rendah,mahal,slow,tidak laris
768,53810-76G00-000,PISTON CUP/BOOT SET,sedang,tinggi,mahal,critical,laris
769,15100-8000V-XNA,"PUMP ASSY,FUEL",dikit,rendah,mahal,critical,laris
770,35670-65J21-000,"LAMP UNIT,RR COMBINATION LH",dikit,rendah,mahal,slow,tidak laris
771,17140-77E07-000,"PULLEY COMP,COOLING FAN",sedang,tinggi,mahal,critical,laris
772,35650-65J21-000,"LAMP UNIT,RR COMBINATION RH",dikit,rendah,mahal,slow,tidak laris
773,35121-83021-000,"UNIT,LAMP",sedang,rendah,mahal,critical,tidak laris
774,35650-80JA0-000,"UNIT,RR COMBINATION RH",dikit,rendah,mahal,critical,laris
775,35670-80JA0-000,"UNIT,RR COMBINATION LH",dikit,rendah,mahal,critical,laris
776,15100-60AV1-000,"PUMP ASSY,FUEL",sedang,tinggi,mahal,critical,laris
777,51100-8076V-000,"CYLINDER ASSY,BRAKE MASTER",dikit,rendah,mahal,critical,laris
778,11400-65865-000,"GASKET SET,ENGINE",dikit,rendah,mahal,critical,laris
779,11610-80JA0-000,"MOUNTING COMP,ENGINE RH",sedang,tinggi,mahal,critical,laris
780,11620-80JA0-000,"MOUNTING COMP,ENGINE LH",banyak,tinggi,mahal,critical,laris
781,11641-79J00-000,"BRACKET,ENG RH MTG",banyak,tinggi,mahal,slow,tidak laris
782,11710-80J00-000,"MOUNTING COMP,ENGINE RR",banyak,tinggi,mahal,critical,laris
783,11710-80J10-000,"MOUNTING COMP,ENGINE RR",sedang,rendah,mahal,critical,tidak laris
784,11720-80JA0-000,"MOUNTING COMP,ENGINE FR",sedang,rendah,mahal,critical,tidak laris
785,13400-80JA0-000,"BODY ASSY,THROTTLE",dikit,rendah,mahal,critical,laris
786,14185-80J00-000,"CLAMP,EXH PIPE",sedang,rendah,murah,slow,tidak laris
787,14250-80JB2-000,"PIPE,EXHAUST CENTER",dikit,rendah,mahal,fast,tidak laris
788,14300-80J00-000,MUFFLER,sedang,tinggi,mahal,critical,laris
789,17700-80JA0-000,RADIATOR ASSY (A/T),dikit,rendah,mahal,critical,laris
790,17700-80JB0-000,RADIATOR ASSY (M/T),dikit,rendah,mahal,critical,laris
791,17830-55GA0-000,"PIPE,HEATER INLET",banyak,tinggi,murah,fast,laris
792,17840-55GA0-000,"PIPE,WATER INLET NO.1",banyak,tinggi,murah,fast,laris
793,17860-80JA0-000,"PIPE COMP,WTR INLET N0.2",banyak,tinggi,murah,fast,laris
794,17875-55GA0-000,"HOSE,HEATER INLET NO.2",banyak,tinggi,murah,fast,laris
795,17936-80JA0-000,"HOSE,RSVR TANK VENT",banyak,tinggi,murah,fast,laris
796,22100-80J21-000,"COVER ASSY,CLUTCH",dikit,rendah,mahal,slow,tidak laris
797,23820-79J00-000,"CYLINDER ASSY,CLUTCH OPERATING",sedang,rendah,mahal,critical,tidak laris
798,23856-79J00-000,"JOINT,CLUTCH OIL",sedang,tinggi,murah,critical,laris
799,23800-54810-000,PISTON SET,sedang,tinggi,murah,critical,laris
800,28300-80J00-000,"CABLE ASSY,SHIFT & SELECT CONT",dikit,rendah,mahal,critical,laris
801,29365-73J00-000,"CLIP,GEAR CONT CABLE NO.2",sedang,tinggi,murah,slow,laris
802,41602-80J01-000,"STRUT ASSY,FRONT SPNSN,L",dikit,rendah,mahal,critical,laris
803,41710-80J00-000,"SUPPORT COMP,FRONT STRUT",sedang,tinggi,mahal,critical,laris
804,42111-80J00-000,"STOPPER,FRONT BUMP",sedang,tinggi,murah,slow,laris
805,42431-80J00-000,"MOUNT,STABILIZER BAR",sedang,tinggi,murah,critical,laris
806,45111-80J52-000,"KNUCKLE,STEERING,R",dikit,rendah,mahal,critical,laris
807,48534-79J00-000,"PLUNGER,STEERING RACK",sedang,rendah,mahal,critical,tidak laris
808,38480-80J00-000,"NOZZLE COMP,WASHER",banyak,tinggi,murah,fast,laris
809,41601-80J01-000,"STRUT ASSY,FRONT SPNSN,R",dikit,rendah,mahal,critical,laris
810,55192-80J00-000,PIN-B ASSY,banyak,rendah,murah,critical,tidak laris
811,55321-80J00-000,"COVER,BRAKE DISC DUST",sedang,tinggi,murah,slow,laris
812,57300-80810-000,"PANEL SET,FRONT HOOD",dikit,rendah,mahal,slow,tidak laris
813,58120-80J00-000,"BRACE COMP,LAMP SUPPORT,L",banyak,tinggi,murah,slow,laris
814,58230-79J00-000,"MEMBER COMP,HOOD LOCK",dikit,rendah,mahal,slow,tidak laris
815,58240-80J00-000,"BRACE COMP,HOOD LOCK",banyak,tinggi,murah,slow,laris
816,72321-80J00-000,LINNING FRONT FENDER R,banyak,tinggi,mahal,slow,tidak laris
817,72322-80J00-000,"LINNING,FRONT FENDER L",sedang,tinggi,mahal,slow,tidak laris
818,72390-80J00-000,"COVER ASSY,ENGINE UNDER R",sedang,tinggi,mahal,slow,tidak laris
819,73310-80J00-P4Z,"PANEL COMP,INSTRUMENT CLUSTER",sedang,rendah,mahal,slow,tidak laris
820,73610-80J00-FC6,"LOUVER COMP,CTR VENT",sedang,tinggi,mahal,slow,tidak laris
821,77212-80J00-5PK,"PROTECTOR,FR SPLASH R (BLACK)",sedang,tinggi,murah,slow,laris
822,78216-80J00-5PK,"CAP,ROOF RAIL FR,R",sedang,tinggi,murah,slow,laris
823,78217-80J00-5PK,"CAP,ROOF RAIL RR,R",sedang,tinggi,murah,slow,laris
824,78220-80J00-N1V,"RAIL COMP,ROOF L",sedang,rendah,mahal,slow,tidak laris
825,78226-80J00-5PK,"CAP,ROOF RAIL FR,L",sedang,rendah,murah,slow,tidak laris
826,78227-80J00-5PK,"CAP,ROOF RAIL RR,L",banyak,tinggi,murah,slow,laris
827,82110-79J00-000,"LATCH COMP,HOOD",sedang,tinggi,mahal,critical,laris
828,09262-28041-000,"BEARING,28X58X16",sedang,tinggi,murah,critical,laris
829,88910-80J00-P8G,"SHELF COMP,RR PARCEL",dikit,rendah,mahal,slow,tidak laris
830,95541-80J00-000,SENSOR,sedang,rendah,murah,critical,tidak laris
831,95710-80J00-000,"HOSE,SUCTION",sedang,tinggi,mahal,fast,laris
832,95720-80J00-000,"HOSE,DISCHARGE",sedang,rendah,mahal,fast,tidak laris
833,95860-80J00-000,FILTER COMP,banyak,tinggi,murah,fast,laris
834,71760-80J00-5PK,"EXTENSION,FR BUMPER CTR(BLACK)",dikit,rendah,mahal,slow,tidak laris
835,82831-63J20-000,"FRAME S/COMP,REAR DOOR OUT R",sedang,tinggi,mahal,critical,laris
836,83811-80J00-000,"WEATHERSTRIP,FR DOOR OUT R",sedang,rendah,murah,slow,tidak laris
837,83821-80J00-000,"WEATERSTRIP,FR DOOR OUT L",dikit,tinggi,murah,slow,laris
838,83831-80J00-000,"WEATERSTRIP,REAR DOOR OUT R",sedang,rendah,murah,slow,tidak laris
839,83841-80J00-000,"WEATERSTRIP,REAR DOOR OUT L",sedang,tinggi,murah,slow,laris
840,83970-79J10-000,"GARNISH COMP,RR DR RR OUTER R",sedang,tinggi,murah,slow,laris
841,84592-80J00-000,"GARNISH,QTR WINDOW GLASS L",sedang,tinggi,murah,slow,laris
842,84730-80J00-000,"MIRROR COMP,OUT REAR VIEW R",sedang,rendah,murah,slow,tidak laris
843,84740-80J00-000,"MIRROR COMP,OUT REAR VIEW L",sedang,tinggi,murah,slow,laris
844,45151-80J52-000,"KNUCKLE,STEERING,L",dikit,rendah,mahal,critical,laris
845,95200-63JA1-000,COMPRESSOR ASSY,dikit,rendah,mahal,critical,laris
846,77330-80J00-000,"OUTLET,VENTILATOR",sedang,tinggi,murah,slow,laris
847,78210-80J00-N1V,"RAIL COMP,ROOF,R",dikit,rendah,mahal,slow,tidak laris
848,44102-54G51-000,"SHAFT ASSY,FRONT DRIVE,L",dikit,rendah,mahal,critical,laris
849,24111-65J01-000,"SHAFT,TRANSMISSION INPUT",dikit,rendah,mahal,critical,laris
850,28300-54G4V-000,"CABLE ASSY,SHF & SELECT CONT",dikit,rendah,mahal,critical,laris
851,89300-61881-000,"CAP SET,FUEL FILLER",sedang,tinggi,mahal,slow,tidak laris
852,15100-8081V-000,DIAPHRAGM SET,sedang,tinggi,murah,critical,laris
853,72410-65J01-000,"GARNISH COMP,FRT HOOD, R",banyak,tinggi,murah,slow,laris
854,38821-65J00-000,"ARM ASSY,RR WIPER",banyak,tinggi,murah,slow,laris
855,72420-65J01-000,"GARNISH,FRT HOOD, L",sedang,tinggi,murah,slow,laris
856,12841-60A30-000,"ARM,VALVE ROCKER",sedang,rendah,murah,critical,tidak laris
857,48541-82H10-000,"BUSHING,STEERING RACK",sedang,rendah,murah,critical,tidak laris
858,75511-56K00-000,"LINING, RR FENDER, R",sedang,rendah,mahal,slow,tidak laris
859,17700-66D02-000,RADIATOR ASSY,dikit,rendah,mahal,critical,laris
860,35650-73K00-000,"LAMP UNIT,RR COMB RH",sedang,rendah,mahal,slow,tidak laris
861,35670-73K00-000,"LAMP UNIT,RR COMB LH",dikit,rendah,mahal,slow,tidak laris
862,71741-73K00-5PK,"GRILLE, RADIATOR (TYPE 3)",sedang,tinggi,mahal,slow,tidak laris
863,71821-73K10-000,"HOLDER, RR BUMPER SIDE RH (TYPE 3)",sedang,tinggi,murah,slow,laris
864,71822-73K10-000,"HOLDER, RR BUMPER SIDE LH (TYPE 3)",sedang,rendah,murah,slow,tidak laris
865,73821-80J00-5PK,GARNISH CENTER,dikit,rendah,murah,slow,tidak laris
866,53401-76G02-000,"CYLINDER ASSY,REAR WHEEL",sedang,rendah,mahal,critical,tidak laris
867,15100-63840-000,"PUMP ASSY,FUEL",dikit,rendah,mahal,critical,laris
868,71100-80J01-000,"CROSSMEMBER, FRONT LOWER",dikit,rendah,mahal,critical,laris
869,29344-65D01-5PK,"KNOB,T/F GEAR SHF CONT",sedang,rendah,murah,slow,tidak laris
870,16920-8001V-000,"CAP,OIL FILLER",sedang,tinggi,murah,slow,laris
871,36210-85060-4GF,"LAMP ASSY,ROOM",dikit,rendah,mahal,slow,tidak laris
872,12745-77E01-000,"SPROCKET COMP,IDLER",dikit,rendah,mahal,critical,laris
873,83851-80J10-000,"WEATERSTRIP,FR DR INR R",sedang,rendah,murah,slow,tidak laris
874,83861-80J10-000,"WEATERSTRIP,FR DR INR L",banyak,tinggi,murah,slow,laris
875,15430-53F50-000,"SUB FILTER,FUEL",banyak,tinggi,murah,fast,laris
876,77181-63J20-0CE,"GARNISH, FRONT PILLAR, R",sedang,tinggi,murah,slow,laris
877,71750-65J03-000,"SKIRT COMP, FR AIR DAM",sedang,tinggi,mahal,slow,tidak laris
878,41800-63J02-000,"ABSORBER ASSY,REAR SHOCK",dikit,rendah,mahal,critical,laris
879,11610-75F50-000,"MOUNTING,ENG FR",sedang,tinggi,murah,critical,laris
880,89101-60K10-000,TANK ASSY FUEL,sedang,tinggi,mahal,critical,laris
881,37990-80J00-000,"SWITCH ASSY,POWER WINDOW MA",dikit,rendah,mahal,slow,tidak laris
882,84572-75K00-000,"MOLDING,BACK WINDOW",sedang,tinggi,murah,slow,laris
883,72391-63J10-000,"COVER,ENGINE UNDER RH",sedang,rendah,mahal,slow,tidak laris
884,22800-65D11-000,"PUMP ASSY,OIL",dikit,rendah,mahal,critical,laris
885,11610-80JB0-000,"MOUNTING,ENG RH",sedang,tinggi,mahal,critical,laris
886,11720-80JB0-000,"MOUNTING,ENG FR",sedang,rendah,mahal,critical,tidak laris
887,11191-65J01-000,"HOSE,BREATHER",banyak,rendah,murah,fast,tidak laris
888,41800-80J01-000,"ABSORBER ASSY,REAR SHOCK",dikit,rendah,mahal,critical,laris
889,82160-65J02-5PK,"CABLE COMP,HOOD LATCH RELEASE",banyak,tinggi,murah,critical,laris
890,20002-62J52-000,"TRANSMISSION ASSY,AUTOMATIC",dikit,rendah,mahal,critical,laris
891,72310-80J01-000,"STAY COMP,FRONT HOOD",sedang,tinggi,murah,slow,laris
892,71811-80J00-799,"BUMPER,REAR (PRIMARY)",dikit,rendah,mahal,slow,tidak laris
893,22700-65J11-000,"CONVERTER COMP,TORQUE",dikit,rendah,mahal,critical,laris
894,78170-79J10-000,"CLIP,ROOF DRIP MOLDING",sedang,tinggi,murah,slow,laris
895,37310-62J21-000,"SWITCH ASSY,WIPER & WASHER",dikit,rendah,mahal,slow,tidak laris
896,42412-78K00-000,"BUSHING,FR STABILIZER MOUNT",dikit,tinggi,murah,critical,laris
897,12711-62G01-000,"CAMSHAFT,INTAKE",dikit,rendah,mahal,critical,laris
898,12100-65831-0B0,"PISTON SET,STD,MARK 2",sedang,tinggi,mahal,critical,laris
899,77531-65J01-000,"MOLDING,RR WHEEL FLANGE",banyak,rendah,murah,slow,tidak laris
900,77841-57K00-DFT,EMBLEM SPORT (RED),sedang,tinggi,murah,slow,laris
901,12750-85FA1-000,"SPROCKET,IDLER NO.2",sedang,rendah,mahal,critical,tidak laris
902,55211-65D14-000,"DISC,FRONT BRAKE",sedang,rendah,mahal,critical,tidak laris
903,56110-80J82-000,"ACTUATOR ASSY,ABS",dikit,rendah,mahal,critical,laris
904,49410-80102-000,"PEDAL,ACCELERATOR",sedang,tinggi,murah,critical,laris
905,89101-60K00-000,TANK ASSY FUEL,dikit,rendah,mahal,critical,laris
906,71742-75K00-0PG,"GARNISH,RADR UPR GRILLE (CHROME)",sedang,tinggi,mahal,slow,tidak laris
907,46642-64G01-000,"BRACKET,REAR STABILIZER BAR",banyak,rendah,murah,slow,tidak laris
908,55440-80J00-000,PISTON ASSY,banyak,rendah,mahal,critical,tidak laris
909,41800-75K11-000,"ABSORBER ASSY,REAR SHOCK",sedang,tinggi,mahal,critical,laris
910,78488-8000V-000,"PIN,TOP BOW HINGE",sedang,tinggi,murah,critical,laris
911,41810-78K00-000,"SUPPORT COMP,FRONT STRUT",sedang,tinggi,mahal,critical,laris
912,45201-78K00-000,"ARM ASSY,FRONT SUSPENSION,R",dikit,rendah,mahal,critical,laris
913,38491-80J01-000,"HOSE ASSY,WASHER",banyak,tinggi,murah,fast,laris
914,36738-76G00-000,"COVER,FUSE BOX",dikit,rendah,murah,slow,tidak laris
915,46331-65J01-000,"BUSH,RR SPNSN CONT ROD",sedang,rendah,murah,critical,tidak laris
916,69100-65850-000,"PANEL ASSY,BACK DOOR",dikit,rendah,mahal,slow,tidak laris
917,45202-78K00-000,"ARM ASSY,FRONT SUSPENSION,L",dikit,rendah,mahal,critical,laris
918,09283-40029-000,"SEAL,OIL,40X62X8",banyak,tinggi,murah,fast,laris
919,09283-98003-000,"SEAL,OIL,98X112X7",banyak,tinggi,murah,fast,laris
920,11320-78K00-000,"PLATE,CLUTCH HSG LOWER",sedang,rendah,murah,critical,tidak laris
921,12100-65831-050,"PISTON SET,OS:0.50",banyak,rendah,mahal,critical,tidak laris
922,12100-65831-0A0,"PISTON SET,STD,MARK 1",sedang,tinggi,mahal,critical,laris
923,16520-78K00-000,"STRAINER,OIL PUMP",sedang,tinggi,mahal,critical,laris
924,16559-78K00-000,"GASKET,OIL GALLERY",sedang,tinggi,murah,critical,laris
925,17579-78K00-000,"O-RING,WTR OUTLET CAP",banyak,tinggi,murah,fast,laris
926,24126-64J01-000,"BEARING,T/M OUTPUT SHAFT RR",banyak,tinggi,murah,critical,laris
927,27561-80K20-000,"MOUNTING COMP,RR DIFF FRONT,L",sedang,rendah,mahal,critical,tidak laris
928,35810-65J01-000,"LAMP ASSY,HIGH MT STOP",dikit,rendah,mahal,slow,tidak laris
929,49230-78K00-000,"HOSE COMP,PRESSURE",sedang,rendah,mahal,fast,tidak laris
930,75531-65J01-000,"LINING,REAR WHEEL HSG,L",dikit,rendah,mahal,slow,tidak laris
931,68001-65844-000,"PANEL ASSY FR DOOR, R",dikit,rendah,mahal,slow,tidak laris
932,68002-65844-000,"PANEL ASSY,FRT DOOR,L",dikit,rendah,mahal,slow,tidak laris
933,95410-64J62-000,EVAPORATOR ASSY,dikit,rendah,mahal,critical,laris
934,57300-65811-000,"PANEL SET,FRONT HOOD",dikit,rendah,mahal,slow,tidak laris
935,35650-78F01-000,"LAMP UNIT,RR COMBINATION RH",dikit,rendah,mahal,slow,tidak laris
936,95310-80J01-000,CONDENSER ASSY,dikit,rendah,mahal,critical,laris
937,43420-85800-000,"HUB SET,FRONT WHEEL",sedang,rendah,mahal,critical,tidak laris
938,51930-65D11-000,"VALVE ASSY,LSP",dikit,rendah,mahal,critical,laris
939,57600-81810-000,"PANEL,FRONT FENDER,R",dikit,rendah,mahal,slow,tidak laris
940,57700-80850-000,"PANEL,FRONT FENDER,L",sedang,rendah,mahal,slow,tidak laris
941,11610-60C02-000,"MOUNTING,ENGINE FRONT",sedang,tinggi,murah,critical,laris
942,11400-86875-000,"GASKET SET,ENGINE",sedang,tinggi,mahal,critical,laris
943,11610-54G30-000,"MOUNTING,ENG RH",dikit,rendah,mahal,critical,laris
944,17530-78K01-000,"PULLEY,GEN BELT IDLER",banyak,rendah,murah,critical,tidak laris
945,71741-54L00-5PK,"GRILLE,RADIATOR (BLACK)",sedang,tinggi,mahal,slow,tidak laris
946,87261-60KN0-000,"MEMBER,2ND RISER",sedang,tinggi,murah,slow,laris
947,27561-66J21-000,"MOUNTING COMP,RR DIFF RR",sedang,tinggi,murah,critical,laris
948,86103-63011-000,"MIRROR ASSY,INSIDE REAR VIEW",sedang,tinggi,mahal,slow,tidak laris
949,43420-80801-000,"HUB SET,FRONT WHEEL",dikit,rendah,mahal,critical,laris
950,75270-65J01-000,"SILENCER COMP,FRT HOOD",sedang,tinggi,mahal,slow,tidak laris
951,83401-65J11-000,"REGULATOR ASSY,FR WD,R",dikit,rendah,mahal,critical,laris
952,55211-65J02-000,"DISC,FRONT BRAKE",dikit,rendah,mahal,critical,laris
953,11141-73K01-000,"GASKET,CYLINDER HEAD",dikit,rendah,murah,critical,tidak laris
954,17530-82J00-000,"PULLEY,BELT IDLER",dikit,rendah,mahal,critical,laris
955,42431-71L00-000,"MOUNT,FRONT STABILIZER BAR (TYPE 1)",banyak,rendah,murah,critical,tidak laris
956,73910-71L00-R8R,"DOOR ASSY,PASSENGER AIR BAG (BROWN)",sedang,tinggi,mahal,critical,laris
957,36739-86J00-000,"FUSE,BATTERY",banyak,rendah,murah,fast,tidak laris
958,55311-80J03-000,"DISC,FRONT BRAKE",dikit,rendah,mahal,critical,laris
959,15815-77M00-000,"HOSE,FUEL (PIPE TO ENG)",banyak,tinggi,murah,fast,laris
960,35120-65JE0-000,"UNIT,HEADLAMP RH",dikit,rendah,mahal,critical,laris
961,35320-65JE0-000,"UNIT,HEADLAMP LH",dikit,rendah,mahal,critical,laris
962,41601-78K11-000,"STRUT ASSY,FRONT SUSPENSION,R",dikit,rendah,mahal,critical,laris
963,41602-78K11-000,"STRUT ASSY,FRONT SUSPENSION,L",dikit,rendah,mahal,critical,laris
964,72484-77K00-000,"COVER,ENGINE SPLASH,L",sedang,tinggi,murah,slow,laris
965,84701-78K81-Z7T,"MIRROR,OUT RR VIEW,R",dikit,rendah,mahal,slow,tidak laris
966,84702-78K81-Z7T,"MIRROR,OUT RR VIEW,L",dikit,rendah,mahal,slow,tidak laris
967,71711-77KB0-799,"BUMPER, FRONT (PRIMARY COAT)",dikit,rendah,mahal,slow,tidak laris
968,72111-77KA0-38B,"GRILLE, RADIATOR",sedang,rendah,mahal,slow,tidak laris
969,28300-58M00-000,"CABLE ASSY,SHIFT & SELECT CON",sedang,rendah,mahal,critical,tidak laris
970,57710-65J10-000,"PANEL,FR FENDER LH(W/TURN SIGNAL)",sedang,rendah,mahal,slow,tidak laris
971,23810-64J21-000,"CYLINDER ASSY,CLUTCH MASTER",sedang,tinggi,mahal,critical,laris
972,95861-64J10-000,"FILTER,AIR",banyak,tinggi,murah,fast,laris
973,28225-83K10-000,"CLAMP,SELECT CABLE",banyak,tinggi,murah,slow,laris
974,11610-72L10-000,"MOUNTING, ENG RH",dikit,rendah,mahal,critical,laris
975,28225-71L10-000,"CLAMP, SELECT CABLE",sedang,rendah,murah,slow,tidak laris
976,71741-70L00-KAG,"GRILLE, RADIATOR (BLACK/GRAY)",dikit,rendah,mahal,slow,tidak laris
977,95541-58M00-000,THERMISTOR ASSY,banyak,rendah,murah,critical,tidak laris
978,35650-81A11-000,"LAMP UNIT,RR COMB RH",sedang,tinggi,mahal,slow,tidak laris
979,35670-81A11-000,"LAMP UNIT,RR COMB LH",sedang,tinggi,mahal,slow,tidak laris
980,12160-86FB0-000,CONNROD ASSY,dikit,rendah,mahal,critical,laris
981,11550-51K00-000,"BRACKET,GENERATOR",sedang,tinggi,mahal,slow,tidak laris
982,95411-80J12-000,EVAPORATOR ASSY,dikit,rendah,mahal,critical,laris
983,41710-71L01-000,"SUPPORT,FR STRUT",sedang,tinggi,mahal,critical,laris
984,43402-80J02-000,"HUB ASSY,WHL",dikit,rendah,mahal,critical,laris
985,95610-54J04-5PK,"PANEL UNIT,AUTO A/C",dikit,rendah,mahal,slow,tidak laris
986,11610-65J03-000,"MOUNTING,ENG FR",dikit,rendah,mahal,critical,laris
987,44102-80J11-000,"SHAFT ASSY,FRONT DRIVE,L",dikit,rendah,mahal,critical,laris
988,46221-80J01-000,"BUSHING,TRAILING ARM",sedang,tinggi,mahal,critical,laris
989,46500-77M00-000,"BEAM ASSY,REAR SUSPENSION",dikit,rendah,mahal,critical,laris
990,11100-69L40-000,"HEAD ASSY,CYLINDER (FROM 2013-MARCH)",dikit,rendah,mahal,critical,laris
991,23810-65D01-000,"CYLINDER ASSY,CLUTCH MASTER",dikit,rendah,mahal,critical,laris
992,57420-65J03-000,"HINGE COMP,FRONT HOOD,L",sedang,rendah,murah,slow,tidak laris
993,23820-65D01-000,"CYLINDER ASSY,CLUTCH OPERATING",sedang,rendah,mahal,critical,tidak laris
994,55840-65J01-000,PISTON / SEAL SET,sedang,tinggi,murah,critical,laris
995,38100-65J10-000,MOTOR & LINK FR WIPER,dikit,rendah,mahal,critical,laris
996,71751-57M10-5PK,"BEZEL,FR FOG LAMP,R",sedang,tinggi,mahal,slow,tidak laris
997,71761-57M10-5PK,"BEZEL,FR FOG LAMP,L",banyak,tinggi,mahal,slow,tidak laris
998,84718-68H00-ZVC,"COVER,MIRROR VISOR,R(SILVER)",banyak,tinggi,murah,slow,laris
999,84728-68H00-ZVC,"COVER,MIRROR VISOR,L(SILVER)",banyak,tinggi,murah,slow,laris
1000,36840-76K01-000,"WIRE,FUEL",sedang,tinggi,mahal,critical,laris
1001,11641-80A00-000,"BRACKET, ENG FR MTG RH",dikit,tinggi,murah,slow,laris
1002,29621-81A00-000,"BRACKET, T/F MOUNTING LH",dikit,rendah,mahal,slow,tidak laris
1003,29631-81A00-000,"BRACKET, T/F MOUNTING RH",sedang,tinggi,mahal,slow,tidak laris
1004,36737-76J00-000,"BRACKET, RELAY BOX",sedang,tinggi,murah,slow,laris
1005,87244-57M50-P4Z,"COVER, REAR RCLNG LOWER RH",banyak,tinggi,murah,slow,laris
1006,49200-81A30-000,"HOSE ASSY, PRESSURE/RETURN",dikit,rendah,mahal,fast,tidak laris
1007,64111-81A01-P41,"PANEL, SIDE SILL RH",dikit,rendah,mahal,slow,tidak laris
1008,72320-57M00-000,"MEMBER, FRONT BUMPER",sedang,tinggi,mahal,slow,tidak laris
1009,76214-81A01-P4Z,"LID, QUARTER TRIM BOX (GRAY)",sedang,tinggi,murah,slow,laris
1010,76215-81A00-P4Z,"CAP, RR QTR LOWER TRIM (GRAY)",sedang,tinggi,murah,slow,laris
1011,84926-57M00-000,"PAD, FR ELR",dikit,rendah,mahal,critical,laris
1012,84511-81A03-000,"GLASS, WINDSHIELD",dikit,rendah,mahal,slow,tidak laris
1013,84531-81A02-000,"GLASS, FR DR WINDOW RH",dikit,rendah,mahal,slow,tidak laris
1014,84531-81A12-000,"GLASS, FR DR WINDOW RH (UV CUT)",dikit,rendah,mahal,slow,tidak laris
1015,84536-81A02-000,"GLASS, FR DR WINDOW LH",dikit,rendah,mahal,slow,tidak laris
1016,84536-81A12-000,"GLASS, FR DR WINDOW LH (UV CUT)",dikit,rendah,mahal,slow,tidak laris
1017,77213-59R50-000,"PROTECTOR,SIDE SILL SPLASH (CKD DREZA)",sedang,tinggi,murah,slow,laris
1018,20009-65M70-000,"TRANSMISSION ASSY, AT S-CROSS 2016",dikit,rendah,mahal,critical,laris
1019,11610-78K02-000,"MOUNTING COMP,ENG FRONT",dikit,rendah,mahal,critical,laris
1020,71811M64M10-799,"BUMPER,REAR(PRIMARY)",sedang,rendah,mahal,slow,tidak laris
1021,82201-80J34-000,"LATCH ASSY,FRONT DOOR,R",dikit,rendah,mahal,critical,laris
1022,11620-61M00-000,"MOUNTING, ENG LH (5MT)",sedang,rendah,mahal,critical,tidak laris
1023,11651-61M00-000,"BRACKET, ENG LH MTG NO.1 (5MT)",sedang,rendah,mahal,slow,tidak laris
1024,11652-61M00-000,"BRACKET, ENG LH MTG NO.2",sedang,rendah,mahal,slow,tidak laris
1025,13700-61M00-000,"CLEANER ASSY, AIR",sedang,rendah,mahal,fast,tidak laris
1026,14110-61M12-H02,"MANIFOLD, EXH",dikit,rendah,mahal,critical,laris
1027,23830-61M20-000,"PIPE ASSY,CLUTCH OIL RH",sedang,rendah,mahal,fast,tidak laris
1028,44117-61MA0-000,"JOINT ASSY, DIFF SIDE RH (5MT)",dikit,rendah,mahal,critical,laris
1029,44119-61M00-000,"BOOT SET, DIFF SIDE (5MT)",dikit,rendah,mahal,critical,laris
1030,44125-61MA0-000,DAMPER SET RH (5MT),dikit,rendah,mahal,critical,laris
1031,75822-61M10-5PK,"GARNISH, GEAR SHIFT AT (BLACK)",banyak,tinggi,murah,slow,laris
1032,16910-78K01-000,"GAUGE COMP,OIL LEVEL",sedang,tinggi,murah,critical,laris
1033,71711M66R00-799,"BUMPER,FRONT (PRIMARY)",dikit,rendah,mahal,slow,tidak laris
1034,71811M66R00-799,"BUMPER,REAR (PRIMARY)",sedang,tinggi,mahal,slow,tidak laris
1035,83994-62R01-000,"CAP,BACK DR DRAIN HOLE",sedang,rendah,murah,slow,tidak laris
1036,72311-62R01-000,"STAY, FR HOOD",banyak,tinggi,murah,slow,laris
1037,18640-60CB0-000,"SENSOR ASSY, KNOCK (P73)",sedang,tinggi,murah,critical,laris
1038,55850-76G01-000,PIN/BOOT SET,sedang,tinggi,murah,critical,laris
1039,55840-80J01-000,PISTON/SEAL SET,dikit,rendah,mahal,critical,laris
1040,41700-77A02-000,"ABSORBER ASSY,REAR SHOCK",dikit,rendah,mahal,critical,laris
1041,55852-80J01-000,PIN-B ASSY/BOOT SET,sedang,tinggi,murah,critical,laris
1042,28113-63J01-5PK,KNOB.GEAR SHIFT CONT LEVER,dikit,rendah,mahal,slow,tidak laris
1043,14300-61M01-000,MUFFLER,dikit,rendah,mahal,critical,laris
1044,44118-80J12-000,"BOOT SET,WHEEL SIDE",dikit,rendah,mahal,critical,laris
1045,44119-80J32-000,"BOOT SET,DIFF",dikit,rendah,mahal,critical,laris
1046,55851-80J01-000,PIN/BOOT SET,sedang,tinggi,murah,critical,laris
1047,28113-50J07-BWK,"KNOB COMP,GEAR SHF CONT LEVER",dikit,rendah,mahal,slow,tidak laris
1048,71711M64MA0-799,"BUMPER, FRONT UPPER",sedang,rendah,mahal,slow,tidak laris
1049,55880-68L01-000,SEAL SET,banyak,rendah,murah,fast,tidak laris
1050,43210-73R00-39M,WHEEL(15X5 1/2J)(SILVER),sedang,tinggi,mahal,slow,tidak laris
1051,37145-55A41-000,"KEY,BLANK (OMR)",sedang,tinggi,mahal,slow,tidak laris
1052,42420-80J01-000,"JOINT COMP,STABILIZER BAR",dikit,rendah,murah,critical,tidak laris
1053,53401-65J01-000,"CYLINDER ASSY,REAR WHEEL",dikit,rendah,mahal,critical,laris
1054,38720-58M05-000,"CONTROLLER ASSY,EPS",dikit,rendah,mahal,critical,laris
1055,41810-70L01-000,"ABSORBER ASSY,RR SHOCK",dikit,rendah,mahal,critical,laris
1056,82131-50M00-000,BOLT,sedang,tinggi,murah,critical,laris
1057,28390-52S00-000,"BRACKET,T/M CONT CABLE",sedang,rendah,murah,slow,tidak laris
1058,63133-52S00-000,"BRACKET,FR PILLAR CENTER,R",dikit,tinggi,murah,slow,laris
1059,41700-65D04-000,"ABSORBER ASSY,RR SHOCK",sedang,tinggi,mahal,critical,laris
1060,41700-52D02-000,"ABSORBER ASSY,SHOCK,REAR",dikit,rendah,mahal,critical,laris
1061,49100-65J01-000,"PUMP ASSY,POWER STEERING",dikit,rendah,mahal,critical,laris
1062,72523-52S00-000,"BOLT,BATTERY COVER",sedang,rendah,murah,critical,tidak laris
1063,51550-68R01-000,"HOSE,FR BRAKE FLEXIBLE",banyak,tinggi,murah,fast,laris
1064,09159-24012-000,"NUT,FR WHEEL BRG LOCK",banyak,tinggi,murah,fast,laris
1065,57279-78R00-000,"BRACKET,BRAKE FLEXIBLE HOSE",sedang,tinggi,murah,slow,laris
1066,75850-77R00-5PK,"BOX,FLOOR CONSOLE REAR (BLACK)",sedang,rendah,murah,slow,tidak laris
1067,95291-77R10-000,BRACKET,banyak,tinggi,murah,slow,laris
1068,51510-78R00-000,"PIPE,RR BK HOSE TO RR W/C,R",banyak,rendah,murah,fast,tidak laris
1069,51540-78R00-000,"HOSE,FR BRAKE FLEXIBLE",banyak,tinggi,murah,fast,laris
1070,51751-78R00-000,"CLAMP,BK PIPE DASH 5",sedang,rendah,murah,slow,tidak laris
1071,51761-78R10-000,"CLAMP,BK PIPE FRAME SINGLE",sedang,rendah,murah,slow,tidak laris
1072,51761-78R20-000,"CLAMP,BK PIPE FRAME DOUBLE",sedang,rendah,murah,slow,tidak laris
1073,58110-78R00-000,"MEMBER,1ST MOUNT",dikit,tinggi,mahal,slow,tidak laris
1074,58146-78R00-000,"BRACKET,FR OUTER PANEL LWR,R",banyak,tinggi,murah,slow,laris
1075,58166-78R00-000,"BRACKET,FR OUTER PANEL LWR,L",banyak,tinggi,murah,slow,laris
1076,58171-78R00-000,"MEMBER,LAMP SUPPORT,R",sedang,tinggi,murah,slow,laris
1077,58172-78R00-000,"BRACKET,FR OUTER PANEL UPR,R",sedang,tinggi,murah,slow,laris
1078,58181-78R00-000,"MEMBER,LAMP SUPPORT,L",sedang,tinggi,murah,slow,laris
1079,58182-78R00-000,"BRACKET,FR OUTER PANEL UPR,L",sedang,tinggi,murah,slow,laris
1080,58922-78R00-000,"BRACKET,HU FR",sedang,tinggi,murah,slow,laris
1081,58923-78R00-000,"BRACKET,HU RR",sedang,rendah,murah,slow,tidak laris
1082,59326-78R00-000,"EXTENSION,HVAC BRACKET",sedang,rendah,murah,slow,tidak laris
1083,59330-78R00-000,"EXTENSION,PEDAL BRACKET",sedang,tinggi,murah,slow,laris
1084,61516-78R00-000,"REINF,MAIN FLOOR,R",sedang,tinggi,murah,critical,laris
1085,61517-78R00-000,"REINF,MAIN FLOOR,L",sedang,tinggi,murah,critical,laris
1086,61670-78R00-000,"PANEL,SIDE SILL INR RR,L",sedang,tinggi,mahal,slow,tidak laris
1087,63241-78R00-000,"REINF,CENTER PILLAR,R",dikit,rendah,mahal,critical,laris
1088,63242-78R00-000,"EXTENSION,QTR INNER REINF,R",sedang,tinggi,murah,slow,laris
1089,63432-52R00-000,"PATCH,SEAT BELT ELR",banyak,rendah,murah,fast,tidak laris
1090,63641-78R00-000,"REINF,CENTER PILLAR,L",dikit,rendah,mahal,critical,laris
1091,63642-78R00-000,"EXTENSION,QTR INNER REINF,L",sedang,tinggi,murah,slow,laris
1092,64113-78R00-000,"EXTENSION,ROOF SIDE DRIP FR,R",sedang,tinggi,murah,slow,laris
1093,64115-78R00-000,"REINF,RR ROOF SIDE",sedang,tinggi,murah,critical,laris
1094,64513-78R00-000,"EXTENSION,ROOF SIDE DRIP FR,L",sedang,tinggi,murah,slow,laris
1095,72320-78R00-000,"LINING,FRONT FENDER,R",dikit,rendah,murah,slow,tidak laris
1096,72335-85K00-000,COVER,banyak,tinggi,murah,slow,laris
1097,72387-68L00-000,"BRACKET,FR PILLAR LOWER SEAL",sedang,rendah,murah,slow,tidak laris
1098,72420-78R00-000,"LINING,FRONT FENDER,L",dikit,rendah,murah,slow,tidak laris
1099,73824-77R00-5PK,"CAP,I/P CENTER (BLACK)",sedang,tinggi,murah,slow,laris
1100,77841-78R00-DHL,EMBLEM (CHROME/GRAY),sedang,tinggi,murah,slow,laris
1101,85711-58J00-5PK,"KNOB,RCLNG,L (BLACK)",sedang,rendah,murah,slow,tidak laris
1102,86652-77R00-000,"CAP,ADJUSTER LWR",sedang,rendah,murah,slow,tidak laris
1103,87222-77R00-5PK,"COVER,RCLNG INSIDE,R (BLACK)",banyak,tinggi,murah,slow,laris
1104,87285-77R10-5PK,"COVER,RR CTR HINGE FR (BLACK)",banyak,tinggi,murah,slow,laris
1105,87286-77R10-5PK,"COVER,RR CTR HINGE RR (BLACK)",sedang,tinggi,murah,slow,laris
1106,87360-77R40-000,"PAD,RR BACK,R",sedang,tinggi,murah,critical,laris
1107,87722-77R00-5PK,"COVER,RCLNG INSIDE,L (BLACK)",banyak,tinggi,murah,slow,laris
1108,36210-63J02-6GS,"LAMP ASSY,ROOM",sedang,rendah,mahal,slow,tidak laris
1109,82301-80J25-000,"LATCH ASSY,REAR DOOR,R",dikit,rendah,mahal,critical,laris
1110,16555-58J32-000,"GASKET,OCV",sedang,tinggi,murah,critical,laris
1111,72831-81A01-000,"BRACKET,SPARE TIRE COVER",sedang,tinggi,murah,slow,laris
1112,41700-65J11-000,"ABSORBER ASSY,RR SHOCK",dikit,rendah,mahal,critical,laris
1113,35650-71L00-000,"LAMP UNIT,RR COMB,R",dikit,rendah,mahal,slow,tidak laris
1114,35670-71L00-000,"LAMP UNIT,RR COMB,L",dikit,rendah,mahal,slow,tidak laris
1115,65132-60M00-000,REINF ROOF BACK INNER R,sedang,tinggi,murah,critical,laris
1116,79071-79120-000,GLASS CABIN BACK WIND-AR (GREEN),sedang,tinggi,murah,slow,laris
1117,79631-79140-000,GLASS FRONT DOOR WINDOW R (GREEN),sedang,tinggi,murah,slow,laris
1118,79636-79140-000,GLASS FRONT DOOR WINDOW L (GREEN),sedang,tinggi,murah,slow,laris
1119,84510-65JA1-000,GLASS WHINDSHIELD,dikit,rendah,mahal,slow,tidak laris
1120,84570-63J40-000,GLASS COMP BACK DOOR WD,sedang,rendah,mahal,slow,tidak laris
1121,84570-77R03-000,"GLASS,BACK DR WINDOW",dikit,rendah,mahal,slow,tidak laris
1122,41700-52S01-000,"ABSORBER ASSY,REAR SHOCK",sedang,rendah,murah,critical,tidak laris
1123,39950-73R00-000,"ANTENNA ASSY,GPS",sedang,tinggi,murah,slow,laris
1124,75401-77R01-000,"BOARD ASSY,LUGGAGE FLOOR UPPER",dikit,rendah,mahal,slow,tidak laris
1125,78142-78R02-5PK,"CAP,ROOF MOLDING FR,R(BLACK)",sedang,tinggi,murah,slow,laris
1126,78152-78R02-5PK,"CAP,ROOF MOLDING FR,L (BLACK)",sedang,rendah,murah,slow,tidak laris
1127,89360-73R50-000,"BELT,TANK FIXER,R",sedang,tinggi,murah,slow,laris
1128,89370-73R50-000,"BELT,TANK FIXER,L",sedang,tinggi,murah,slow,laris
1129,11610-57L02-000,"MOUNTING,ENG,R",dikit,rendah,mahal,critical,laris
1130,11620-57L00-000,"MOUNTING,ENG,L",dikit,rendah,mahal,critical,laris
1131,11710-57L10-000,"MOUNTING,ENG RR",dikit,rendah,mahal,critical,laris
1132,11720-57L10-000,"MOUNTING,ENG FR",dikit,rendah,mahal,critical,laris
1133,55800-68L22-000,PAD SET,sedang,rendah,mahal,fast,tidak laris
1134,39106-86T00-000,"CABLE,USB",banyak,rendah,murah,fast,tidak laris
1135,84510-78R04-000,"GLASS,WINDSHIELD",dikit,rendah,mahal,slow,tidak laris
1136,09482M00651-000,"PLUG,SPARK(NGK,ILZKR6F11)",banyak,tinggi,murah,fast,laris
1137,20009-76T10-000,"TRANSMISSION ASSY, AUTOMATIC",dikit,rendah,mahal,critical,laris
1138,17521-81P00-000,"BELT, WATER PUMP",banyak,tinggi,murah,fast,laris
1139,84051M66R03-000,"GLASS,WINDSHIELD",sedang,tinggi,mahal,slow,tidak laris
1140,84501-77R02-000,"GLASS,FR DR WINDOW,R",dikit,rendah,mahal,slow,tidak laris
1141,84502-77R02-000,"GLASS,FR DR WINDOW,L",dikit,rendah,mahal,slow,tidak laris
1142,21000-57LV2-000,"T/M ASSY,AUTOMATIC",dikit,rendah,mahal,critical,laris
1143,83810-77A00-000,"WEATHERSTRIP,FR DR OUT,R",dikit,tinggi,mahal,slow,tidak laris
1144,83820-77A00-000,"WEATHERSTRIP,FR DR OUT,L",dikit,rendah,mahal,slow,tidak laris
1145,77831-57L00-0PG,EMBLEM,sedang,rendah,murah,slow,tidak laris
1146,36757-77R41-000,"WIRE,FR DOOR SUB",sedang,tinggi,mahal,slow,tidak laris
1147,96510-73RV2-000,PACK ASSY BATTERY (12V 10AH),dikit,rendah,mahal,slow,tidak laris
1148,09920M36210-000,PLIER,sedang,tinggi,murah,slow,laris
1149,09925-57620-000,RUBBER BOOT INSTALLER,banyak,tinggi,murah,fast,laris
1150,09944-66040-000,"INSTALLER, DRIVE SHAFT INR SEAL",sedang,rendah,mahal,slow,tidak laris
